,ID,Title,Year,Age,Rotten Tomatoes,Netflix,Hulu,Prime Video,Disney+,Type
0,1,The Irishman,2019,18+,98/100,1,0,0,0,0
1,2,Dangal,2016,7+,97/100,1,0,0,0,0
2,3,David Attenborough: A Life on Our Planet,2020,7+,95/100,1,0,0,0,0
3,4,Lagaan: Once Upon a Time in India,2001,7+,94/100,1,0,0,0,0
4,5,Roma,2018,18+,94/100,1,0,0,0,0
5,6,To All the Boys I've Loved Before,2018,13+,94/100,1,0,0,0,0
6,7,The Social Dilemma,2020,13+,93/100,1,0,0,0,0
7,8,Okja,2017,13+,92/100,1,0,0,0,0
8,9,The Ballad of Buster Scruggs,2018,16+,92/100,1,0,0,0,0
9,10,The Trial of the Chicago 7,2020,18+,92/100,1,0,0,0,0
10,11,Article 15,2019,18+,92/100,1,0,0,0,0
"11,12,""Jim & Andy: The Great Beyond- Featuring a Very Special, Contractually Obligated Mention of Tony Clifton"",2017,18+,92/100,1,0,0,0,0"
12,13,Dolemite Is My Name,2019,18+,92/100,1,0,0,0,0
13,14,Mudbound,2017,18+,91/100,1,0,0,0,0
14,15,Swades,2004,all,91/100,1,0,0,0,0
15,16,Fyre,2019,18+,91/100,1,0,0,0,0
16,17,Miss Americana,2020,18+,90/100,1,0,0,0,0
17,18,Virunga,2014,16+,90/100,1,0,0,0,0
18,19,Black Friday,2004,18+,90/100,1,0,0,0,0
19,20,Talvar,2015,7+,90/100,1,0,0,0,0
20,21,The King,2019,18+,90/100,1,0,0,0,0
21,22,John Mulaney: Kid Gorgeous at Radio City,2018,18+,89/100,1,0,0,0,0
22,23,I Am Mother,2019,13+,89/100,1,0,0,0,0
23,24,Tell Me Who I Am,2019,18+,89/100,1,0,0,0,0
24,25,The Departed,2006,18+,89/100,1,0,0,0,0
25,26,Winter on Fire: Ukraine's Fight for Freedom,2015,16+,89/100,1,0,0,0,0
26,27,Terminator 2: Judgment Day,1991,18+,89/100,1,0,0,0,0
27,28,I Lost My Body,2019,18+,89/100,1,0,0,0,0
28,29,Django Unchained,2012,18+,89/100,1,0,0,0,0
29,30,The Half of It,2020,13+,89/100,1,0,0,0,0
30,31,The Boy Who Harnessed the Wind,2019,7+,89/100,1,0,0,0,0
31,32,The Devil All the Time,2020,18+,89/100,1,0,0,0,0
32,33,The Fundamentals of Caring,2016,18+,89/100,1,0,0,0,0
33,34,Pieces of a Woman,2020,18+,88/100,1,0,0,0,0
34,35,Gerald's Game,2017,18+,88/100,1,0,0,0,0
35,36,On Body and Soul,2017,,88/100,1,0,0,0,0
36,37,Shutter Island,2010,18+,88/100,1,0,0,0,0
37,38,Always Be My Maybe,2019,13+,88/100,1,0,0,0,0
38,39,The Intouchables,2011,7+,88/100,1,0,0,0,0
39,40,Bill Burr: Paper Tiger,2019,18+,87/100,1,0,0,0,0
40,41,Special 26,2013,,87/100,1,0,0,0,0
41,42,Kiss the Ground,2020,18+,87/100,1,0,0,0,0
42,43,Crip Camp: A Disability Revolution,2020,18+,87/100,1,0,0,0,0
43,44,Extraction,2020,18+,87/100,1,0,0,0,0
44,45,No Direction Home: Bob Dylan,2005,all,87/100,1,0,0,0,0
45,46,Kabhi Khushi Kabhie Gham,2001,all,87/100,1,0,0,0,0
46,47,His House,2020,16+,87/100,1,0,0,0,0
47,48,Super Deluxe,2019,18+,87/100,1,0,0,0,0
48,49,The Guernsey Literary & Potato Peel Pie Society,2018,16+,87/100,1,0,0,0,0
49,50,A Secret Love,2020,18+,87/100,1,0,0,0,0
50,51,The Night Comes for Us,2018,18+,87/100,1,0,0,0,0
51,52,The Big Lebowski,1998,18+,87/100,1,0,0,0,0
52,53,Pad Man,2018,13+,87/100,1,0,0,0,0
53,54,American Factory,2019,13+,86/100,1,0,0,0,0
54,55,Bird Box,2018,18+,86/100,1,0,0,0,0
55,56,The Pianist,2002,18+,86/100,1,0,0,0,0
56,57,3 Idiots,2009,13+,86/100,1,0,0,0,0
57,58,The Distinguished Citizen,2016,,86/100,1,0,0,0,0
58,59,A Shaun the Sheep Movie: Farmageddon,2019,all,86/100,1,0,0,0,0
59,60,A Clockwork Orange,1971,18+,86/100,1,0,0,0,0
60,61,What Happened to Monday,2017,18+,86/100,1,0,0,0,0
61,62,Anthony Jeselnik: Thoughts and Prayers,2015,18+,86/100,1,0,0,0,0
62,63,The White Helmets,2016,16+,86/100,1,0,0,0,0
63,64,Invader ZIM: Enter the Florpus,2019,7+,86/100,1,0,0,0,0
64,65,Happy as Lazzaro,2018,13+,85/100,1,0,0,0,0
65,66,Chasing Coral,2017,,85/100,1,0,0,0,0
66,67,Kal Ho Naa Ho,2003,all,85/100,1,0,0,0,0
67,68,Pan's Labyrinth,2006,18+,85/100,1,0,0,0,0
68,69,Team Foxcatcher,2016,16+,85/100,1,0,0,0,0
69,70,The Meyerowitz Stories (New and Selected),2017,18+,85/100,1,0,0,0,0
70,71,Casino Royale,2006,13+,85/100,1,0,0,0,0
71,72,The Hateful Eight,2015,18+,85/100,1,0,0,0,0
72,73,Rush,2013,18+,84/100,1,0,0,0,0
73,74,Zombieland,2009,18+,84/100,1,0,0,0,0
74,75,Eurovision Song Contest: The Story of Fire Saga,2020,13+,84/100,1,0,0,0,0
75,76,Kapoor & Sons,2016,13+,84/100,1,0,0,0,0
76,77,The Perfection,2018,18+,84/100,1,0,0,0,0
77,78,Dave Chappelle: Sticks & Stones,2019,18+,84/100,1,0,0,0,0
78,79,There Will Be Blood,2007,18+,84/100,1,0,0,0,0
79,80,Million Dollar Baby,2004,13+,84/100,1,0,0,0,0
80,81,The Social Network,2010,13+,84/100,1,1,0,0,0
81,82,The Christmas Chronicles,2018,7+,84/100,1,0,0,0,0
82,83,Monty Python and the Holy Grail,1975,7+,84/100,1,0,0,0,0
83,84,The Pixar Story,2007,all,84/100,1,0,0,0,0
84,85,Ma Rainey's Black Bottom,2020,18+,84/100,1,0,0,0,0
85,86,Calibre,2018,18+,84/100,1,0,0,0,0
86,87,Silver Linings Playbook,2012,18+,84/100,1,0,0,0,0
87,88,Over the Moon,2020,7+,84/100,1,0,0,0,0
"88,89,""What Happened, Miss Simone?"",2015,,84/100,1,0,0,0,0"
89,90,Nightcrawler,2014,18+,84/100,1,0,0,0,0
90,91,1922,2017,18+,84/100,1,0,0,0,0
91,92,Paddleton,2019,18+,84/100,1,0,0,0,0
92,93,Cargo,2017,,84/100,1,0,0,0,0
93,94,Rain Man,1988,18+,83/100,1,0,0,0,0
94,95,Cuba and the Cameraman,2017,,83/100,1,0,0,0,0
95,96,The Ritual,2017,18+,83/100,1,0,0,0,0
96,97,The Hater,2020,18+,83/100,1,0,0,0,0
97,98,The Edge of Democracy,2019,16+,83/100,1,0,0,0,0
98,99,22-Jul,2018,18+,83/100,1,0,0,0,0
99,100,Adam Sandler: 100% Fresh,2018,18+,83/100,1,0,0,0,0
100,101,Guru,2007,13+,83/100,1,0,0,0,0
101,102,A Twelve-Year Night,2018,18+,83/100,1,0,0,0,0
102,103,Dumplin',2018,13+,83/100,1,0,0,0,0
103,104,The Conjuring,2013,18+,83/100,1,0,0,0,0
104,105,Marriage Story,2019,18+,83/100,1,0,0,0,0
105,106,My Octopus Teacher,2020,all,83/100,1,0,0,0,0
106,107,About Time,2013,13+,83/100,1,0,0,0,0
107,108,Hey Arnold! The Jungle Movie,2017,7+,83/100,1,1,0,0,0
108,109,Kung Fu Panda,2008,7+,83/100,1,0,0,0,0
109,110,Superbad,2007,18+,83/100,1,0,0,0,0
110,111,The Invisible Guest,2016,18+,83/100,1,0,0,0,0
111,112,Chinatown,1974,18+,82/100,1,0,0,0,0
112,113,Mystic River,2003,18+,82/100,1,0,0,0,0
113,114,The Theory of Everything,2014,13+,82/100,1,0,0,0,0
114,115,Springsteen On Broadway,2018,,82/100,1,0,0,0,0
115,116,The Life Ahead,2020,13+,82/100,1,0,0,0,0
116,117,The Terminal,2004,13+,82/100,1,0,1,0,0
117,118,Scott Pilgrim vs. the World,2010,13+,82/100,1,0,0,0,0
118,119,Being Elmo: A Puppeteer's Journey,2011,7+,82/100,1,0,0,0,0
119,120,Life of Brian,1979,18+,82/100,1,0,0,0,0
120,121,The Resistance Banker,2018,18+,82/100,1,0,0,0,0
121,122,How to Train Your Dragon 2,2014,7+,82/100,1,0,0,0,0
122,123,The Endless Trench,2019,,82/100,1,0,0,0,0
123,124,Even the Rain,2010,,82/100,1,0,0,0,0
124,125,Love Actually,2003,18+,82/100,1,0,0,0,0
125,126,Dear Ex,2018,18+,82/100,1,0,0,0,0
126,127,Braven,2018,18+,82/100,1,0,0,0,0
127,128,Period. End of Sentence.,2018,,82/100,1,0,0,0,0
128,129,Captain Fantastic,2016,18+,82/100,1,0,0,0,0
129,130,Veronica,2017,18+,81/100,1,0,0,0,0
130,131,The Siege of Jadotville,2016,,81/100,1,0,0,0,0
131,132,Into the Inferno,2016,,81/100,1,0,0,0,0
132,133,Ricky Gervais: Humanity,2018,18+,81/100,1,0,0,0,0
133,134,A Whisker Away,2020,7+,81/100,1,0,0,0,0
134,135,Lady Bird,2017,18+,81/100,1,0,0,0,0
135,136,Road to Perdition,2002,18+,81/100,1,0,0,0,0
136,137,Boogie Nights,1997,18+,81/100,1,0,0,0,0
137,138,Total Recall,1990,16+,81/100,1,0,0,0,0
138,139,Bo Burnham: Inside,2021,18+,81/100,1,0,0,0,0
139,140,Snowpiercer,2013,18+,81/100,1,0,0,0,0
140,141,Circus of Books,2019,,81/100,1,0,0,0,0
141,142,Tallulah,2016,,81/100,1,0,0,0,0
142,143,The Conjuring 2,2016,18+,81/100,1,0,0,0,0
143,144,They'll Love Me When I'm Dead,2018,18+,81/100,1,0,0,0,0
144,145,Nocturnal Animals,2016,18+,81/100,1,0,0,0,0
145,146,Get Me Roger Stone,2017,16+,81/100,1,0,0,0,0
146,147,Hachi: A Dog's Tale,2009,all,81/100,1,0,0,0,0
147,148,Dances with Wolves,1990,13+,80/100,1,0,0,0,0
148,149,Udta Punjab,2016,18+,80/100,1,0,0,0,0
149,150,Bareilly's Barfi,2017,,80/100,1,0,0,0,0
150,151,Divines,2016,,80/100,1,0,0,0,0
151,152,Maktub,2017,7+,80/100,1,0,0,0,0
152,153,Ittefaq,2017,7+,80/100,1,0,0,0,0
153,154,Hannah Gadsby: Nanette,2018,18+,80/100,1,0,0,0,0
154,155,Ali Wong: Hard Knock Wife,2018,18+,80/100,1,0,0,0,0
155,156,Seven Pounds,2008,13+,80/100,1,0,1,0,0
156,157,Uncut Gems,2019,18+,80/100,1,0,0,0,0
157,158,The Kindergarten Teacher,2018,18+,80/100,1,0,0,0,0
158,159,Les Misérables,2012,13+,80/100,1,0,1,0,0
159,160,The Sky Is Pink,2019,,80/100,1,0,0,0,0
160,161,Next Gen,2018,7+,80/100,1,0,0,0,0
161,162,Tom Segura: Disgraceful,2018,13+,80/100,1,0,0,0,0
162,163,My Happy Family,2017,,80/100,1,0,0,0,0
163,164,The American Meme,2018,,80/100,1,0,0,0,0
164,165,Badla,2019,7+,80/100,1,0,0,0,0
165,166,Okko's Inn,2018,7+,80/100,1,0,0,0,0
166,167,The Willoughbys,2020,7+,80/100,1,0,0,0,0
167,168,Hunt for the Wilderpeople,2016,13+,80/100,1,1,0,0,0
168,169,Stardust,2007,13+,79/100,1,0,0,0,0
169,170,Wheelman,2017,18+,79/100,1,0,0,0,0
170,171,The Artist,2011,13+,79/100,1,1,0,0,0
171,172,On My Skin,2018,18+,79/100,1,0,0,0,0
172,173,Gaga: Five Foot Two,2017,18+,79/100,1,0,0,0,0
173,174,Hugo,2011,7+,79/100,1,0,0,0,0
174,175,The Impossible,2012,13+,79/100,1,0,0,0,0
175,176,War Dogs,2016,18+,79/100,1,0,0,0,0
176,177,Ip Man,2008,18+,79/100,1,0,0,0,0
177,178,The Speed Cubers,2020,,79/100,1,0,0,0,0
178,179,Kung Fu Panda 2,2011,7+,79/100,1,0,0,0,0
179,180,The Dirt,2019,18+,79/100,1,0,0,0,0
180,181,Andhadhun,2018,,79/100,1,0,0,0,0
181,182,Atlantics,2019,13+,79/100,1,0,0,0,0
182,183,37 Seconds,2019,,79/100,1,0,0,0,0
183,184,El Camino: A Breaking Bad Movie,2019,18+,79/100,1,0,0,0,0
184,185,Underworld,2003,18+,79/100,1,1,1,0,0
185,186,The Ring,2002,13+,79/100,1,0,1,0,0
186,187,Hold the Dark,2018,,79/100,1,0,0,0,0
187,188,The Karate Kid,1984,7+,79/100,1,0,0,0,0
188,189,Quincy,2018,18+,79/100,1,0,0,0,0
189,190,The Patriot,2000,18+,79/100,1,0,0,0,0
190,191,Get In,2019,18+,79/100,1,0,0,0,0
191,192,ZZ Top: That Little Ol' Band From Texas,2019,,79/100,1,0,0,0,0
192,193,Jerry Before Seinfeld,2017,16+,79/100,1,0,0,0,0
193,194,Mike Birbiglia: The New One,2019,,78/100,1,0,0,0,0
194,195,A Silent Voice: The Movie,2016,13+,78/100,1,0,0,0,0
195,196,Klaus,2019,7+,78/100,1,0,0,0,0
196,197,Snowden,2016,18+,78/100,1,0,0,0,0
"197,198,""Nick Kroll & John Mulaney: Oh, Hello on Broadway"",2017,18+,78/100,1,0,0,0,0"
198,199,What's Eating Gilbert Grape,1993,13+,78/100,1,0,0,0,0
199,200,The Da Vinci Code,2006,13+,78/100,1,1,0,0,0
200,201,Stranger Than Fiction,2006,13+,78/100,1,0,0,0,0
201,202,Don 2,2011,,78/100,1,0,0,0,0
202,203,Elena,2013,,78/100,1,0,0,0,0
203,204,Real Steel,2011,13+,78/100,1,0,0,0,0
204,205,The Founder,2017,13+,78/100,1,0,0,0,0
205,206,Stargate,1994,13+,78/100,1,0,0,0,0
206,207,Shirkers,2018,,78/100,1,0,0,0,0
207,208,Chef,2014,18+,78/100,1,0,0,0,0
208,209,Fire in the Blood,2013,,78/100,1,0,0,0,0
209,210,Austin Powers: International Man of Mystery,1997,13+,78/100,1,0,0,0,0
210,211,Miles Davis: Birth of the Cool,2019,,78/100,1,0,0,0,0
211,212,Insidious,2010,13+,78/100,1,0,0,0,0
212,213,Screwball,2019,,78/100,1,0,0,0,0
213,214,The Old Guard,2020,18+,78/100,1,0,0,0,0
214,215,Rango,2011,7+,78/100,1,0,0,0,0
215,216,Before I Wake,2016,13+,78/100,1,0,0,0,0
216,217,The Disaster Artist,2017,18+,78/100,1,0,0,0,0
217,218,Fruitvale Station,2013,18+,77/100,1,0,0,0,0
218,219,The Florida Project,2017,18+,77/100,1,0,0,0,0
219,220,Behind the Curve,2018,16+,77/100,1,0,0,0,0
220,221,Lawless,2012,18+,77/100,1,0,0,0,0
221,222,Errementari: The Blacksmith and the Devil,2018,18+,77/100,1,0,0,0,0
222,223,Audrie & Daisy,2016,,77/100,1,0,0,0,0
223,224,Quantum of Solace,2008,13+,77/100,1,0,0,0,0
224,225,The Master,2012,18+,77/100,1,0,0,0,0
225,226,Layer Cake,2004,18+,77/100,1,0,0,0,0
226,227,Flipped,2010,7+,77/100,1,0,0,0,0
227,228,Steve Martin and Martin Short: An Evening You Will Forget for the Rest of Your Life,2018,16+,77/100,1,0,0,0,0
228,229,Friends with Benefits,2011,18+,77/100,1,1,0,0,0
229,230,Tig,2015,,77/100,1,0,0,0,0
230,231,Roll Red Roll,2019,,77/100,1,0,0,0,0
231,232,Enola Holmes,2020,13+,77/100,1,0,0,0,0
232,233,PK,2015,13+,77/100,1,0,0,0,0
233,234,Good Time,2017,18+,77/100,1,0,0,0,0
234,235,The Next Three Days,2010,13+,77/100,1,0,0,0,0
235,236,Miracle in Cell No. 7,2019,16+,77/100,1,0,0,0,0
236,237,Like Stars on Earth,2007,7+,77/100,1,0,0,0,0
237,238,Trixie Mattel: Moving Parts,2019,,77/100,1,0,0,0,0
238,239,Talaash,2012,,77/100,1,0,0,0,0
239,240,Evelyn,2019,,77/100,1,0,0,0,0
240,241,I Am Sam,2001,13+,77/100,1,0,0,0,0
241,242,In the Shadow of the Moon,2019,18+,77/100,1,0,0,0,0
242,243,Neon Genesis Evangelion: The End of Evangelion,1997,18+,77/100,1,0,0,0,0
243,244,Memoirs of a Geisha,2005,13+,76/100,1,0,0,0,0
244,245,Mad Max,1979,18+,76/100,1,0,0,0,0
245,246,John Leguizamo's Latin History for Morons,2018,7+,76/100,1,0,0,0,0
246,247,And Breathe Normally,2018,16+,76/100,1,0,0,0,0
247,248,The Killing of a Sacred Deer,2017,18+,76/100,1,0,0,0,0
248,249,Angels & Demons,2009,13+,76/100,1,1,0,0,0
249,250,Smoke & Mirrors,2016,,76/100,1,0,0,0,0
250,251,Bright,2017,18+,76/100,1,0,0,0,0
251,252,Yes Man,2008,13+,76/100,1,0,0,0,0
252,253,Murder Mystery,2019,13+,76/100,1,0,0,0,0
253,254,Pink,2016,,76/100,1,0,0,0,0
254,255,The Photographer of Mauthausen,2018,18+,76/100,1,0,0,0,0
255,256,Midnight Run,1988,18+,76/100,1,0,0,0,0
256,257,Flavors of Youth,2018,13+,76/100,1,0,0,0,0
257,258,13th,2016,18+,76/100,1,0,0,0,0
258,259,Ravenous,2017,18+,76/100,1,0,0,0,0
259,260,Austin Powers: The Spy Who Shagged Me,1999,13+,76/100,1,0,0,0,0
260,261,The Life of David Gale,2003,18+,76/100,1,0,0,0,0
261,262,Tramps,2016,,76/100,1,0,0,0,0
262,263,The Girl Next Door,2004,18+,76/100,1,0,0,0,0
263,264,The Two Popes,2019,13+,76/100,1,0,0,0,0
264,265,The Wandering Earth,2019,13+,76/100,1,0,0,0,0
265,266,Just Another Love Story,2007,,76/100,1,0,0,0,0
266,267,Eye for an Eye,2019,18+,76/100,1,0,0,0,0
267,268,Patton Oswalt: Annihilation,2017,,76/100,1,0,0,0,0
268,269,Joan Didion: The Center Will Not Hold,2017,,76/100,1,0,0,0,0
269,270,Steve Jobs,2015,18+,76/100,1,0,0,0,0
270,271,White Fang,2018,7+,76/100,1,0,0,1,0
271,272,A Monster Calls,2016,13+,76/100,1,0,0,0,0
272,273,Olympus Has Fallen,2013,18+,76/100,1,0,0,0,0
273,274,Talladega Nights: The Ballad of Ricky Bobby,2006,13+,76/100,1,0,0,0,0
274,275,The Time Traveler's Wife,2009,13+,76/100,1,0,0,0,0
275,276,State of Play,2009,13+,76/100,1,0,0,0,0
276,277,The Outlaw Josey Wales,1976,7+,76/100,1,0,0,0,0
277,278,The Bank Job,2008,18+,76/100,1,0,0,0,0
278,279,Miss Sloane,2016,18+,76/100,1,0,0,0,0
279,280,Unknown,2011,13+,75/100,1,0,0,0,0
280,281,6 Underground,2019,18+,75/100,1,0,0,0,0
281,282,Uncorked,2020,13+,75/100,1,0,0,0,0
282,283,Petta,2019,,75/100,1,0,0,0,0
283,284,Justin Timberlake + The Tennessee Kids,2016,,75/100,1,0,0,0,0
284,285,My Fair Lady,1964,all,75/100,1,0,0,0,0
"285,286,""Bikram: Yogi, Guru, Predator"",2019,18+,75/100,1,0,0,0,0"
286,287,A Futile and Stupid Gesture,2018,18+,75/100,1,0,0,0,0
287,288,The Dig,2021,13+,75/100,1,0,0,0,0
288,289,Legally Blonde,2001,13+,75/100,1,0,0,0,0
289,290,Legend,2015,18+,75/100,1,0,0,0,0
290,291,Notes on Blindness,2016,,75/100,1,0,0,0,0
291,292,When We First Met,2018,16+,75/100,1,0,0,0,0
292,293,Best Worst Thing That Ever Could Have Happened...,2016,,75/100,1,0,0,0,0
293,294,Imperial Dreams,2014,,75/100,1,0,0,0,0
294,295,Black Mirror: Bandersnatch,2018,18+,75/100,1,0,0,0,0
295,296,Queen,2013,13+,75/100,1,0,0,0,0
296,297,Joshua: Teenager vs. Superpower,2017,16+,75/100,1,0,0,0,0
297,298,Air Force One,1997,18+,75/100,1,0,0,0,0
298,299,Shot Caller,2017,18+,75/100,1,0,0,0,0
299,300,What Dreams May Come,1998,13+,75/100,1,0,0,0,0
300,301,Angel Has Fallen,2019,18+,75/100,1,0,0,0,0
301,302,Crimson Peak,2015,18+,75/100,1,0,0,0,0
302,303,Lemony Snicket's A Series of Unfortunate Events,2004,7+,75/100,1,0,0,0,0
303,304,The Red Sea Diving Resort,2019,18+,75/100,1,0,0,0,0
304,305,The Angel,2018,18+,75/100,1,0,0,0,0
305,306,Army of the Dead,2021,18+,75/100,1,0,0,0,0
306,307,Madagascar 3: Europe's Most Wanted,2012,7+,75/100,1,0,0,0,0
307,308,Icarus,2017,18+,75/100,1,0,0,0,0
308,309,Collateral Beauty,2016,13+,75/100,1,0,0,0,0
309,310,The Danish Girl,2015,18+,75/100,1,0,0,0,0
310,311,Green Zone,2010,18+,75/100,1,0,1,0,0
311,312,John Mulaney: New in Town,2012,18+,75/100,1,0,0,0,0
312,313,Strong Island,2017,,75/100,1,0,0,0,0
313,314,The White Tiger,2021,18+,75/100,1,0,0,0,0
314,315,Defiance,2008,18+,75/100,1,0,0,0,0
315,316,A Fortunate Man,2018,16+,75/100,1,0,0,0,0
316,317,The Death of Stalin,2017,18+,75/100,1,0,0,0,0
317,318,2012,2009,13+,75/100,1,1,0,0,0
318,319,Underworld: Awakening,2012,18+,74/100,1,1,0,0,0
319,320,Philomena,2013,13+,74/100,1,0,0,0,0
320,321,Sanju,2018,18+,74/100,1,0,0,0,0
321,322,Nappily Ever After,2018,18+,74/100,1,0,0,0,0
322,323,I Care a Lot,2021,18+,74/100,1,0,0,0,0
323,324,The Butler,2013,13+,74/100,1,0,0,0,0
324,325,Qarib Qarib Singlle,2017,,74/100,1,0,0,0,0
325,326,A Single Man,2009,18+,74/100,1,0,0,0,0
326,327,Home,2015,7+,74/100,1,0,1,0,0
327,328,Zack and Miri Make a Porno,2008,18+,74/100,1,1,1,0,0
328,329,Seeing Allred,2018,16+,74/100,1,0,0,0,0
329,330,Dostana,2008,13+,74/100,1,0,0,0,0
330,331,Remember Me,2010,13+,74/100,1,0,0,0,0
331,332,Underworld: Rise of the Lycans,2009,18+,74/100,1,0,0,0,0
332,333,The Lovely Bones,2009,13+,74/100,1,0,0,0,0
333,334,Madagascar: Escape 2 Africa,2008,7+,74/100,1,0,0,0,0
334,335,No Strings Attached,2011,18+,74/100,1,0,1,0,0
335,336,Heroin(e),2017,,74/100,1,0,0,0,0
336,337,A Ghost Story,2017,18+,74/100,1,0,0,0,0
337,338,Safety Not Guaranteed,2012,18+,74/100,1,0,0,0,0
338,339,Game Over,2019,13+,74/100,1,0,0,0,0
339,340,Peppermint,2018,18+,74/100,1,0,0,0,0
340,341,Have a Good Trip: Adventures in Psychedelics,2020,18+,74/100,1,0,0,0,0
341,342,Beasts of No Nation,2015,18+,74/100,1,0,0,0,0
342,343,Extinction,2018,18+,74/100,1,0,0,0,0
343,344,Nobody Knows I'm Here,2020,18+,74/100,1,0,0,0,0
344,345,ARQ,2016,18+,74/100,1,0,0,0,0
345,346,Ali's Wedding,2017,18+,74/100,1,0,0,0,0
346,347,Bo Burnham: Make Happy,2016,18+,74/100,1,0,0,0,0
347,348,Mank,2020,18+,74/100,1,0,0,0,0
"348,349,""Extremely Wicked, Shockingly Evil and Vile"",2019,18+,74/100,1,0,0,0,0"
349,350,Due Date,2010,18+,74/100,1,0,0,0,0
350,351,Between Two Ferns: The Movie,2019,18+,74/100,1,0,0,0,0
351,352,Ip Man 2,2010,18+,74/100,1,0,0,0,0
352,353,Mirage,2018,18+,74/100,1,0,0,0,0
353,354,Puss in Boots,2011,7+,74/100,1,0,0,0,0
354,355,Austin Powers in Goldmember,2002,13+,74/100,1,0,0,0,0
355,356,The Kissing Booth,2018,16+,73/100,1,0,0,0,0
356,357,Hush,2016,18+,73/100,1,0,0,0,0
357,358,Lost Bullet,2020,18+,73/100,1,0,0,0,0
358,359,Dil Chahta Hai,2001,all,73/100,1,0,0,0,0
359,360,Election,1999,18+,73/100,1,0,1,0,0
360,361,Soni,2019,18+,73/100,1,0,0,0,0
361,362,Bāhubali: The Beginning,2015,13+,73/100,1,0,0,0,0
362,363,Killing Them Softly,2012,18+,73/100,1,0,0,0,0
363,364,Swordfish,2001,18+,73/100,1,0,0,0,0
364,365,Wish Dragon,2021,7+,73/100,1,0,0,0,0
365,366,Raees,2017,18+,73/100,1,0,0,0,0
366,367,Let It Snow,2019,13+,73/100,1,0,0,0,0
367,368,The Babysitter: Killer Queen,2020,,73/100,1,0,0,0,0
368,369,Hardcore Henry,2015,18+,73/100,1,0,0,0,0
369,370,Tig Notaro: Happy To Be Here,2018,16+,73/100,1,0,0,0,0
370,371,Spelling the Dream,2020,all,73/100,1,0,0,0,0
371,372,Knock Down the House,2019,7+,73/100,1,0,0,0,0
372,373,Resident Evil: Extinction,2007,18+,73/100,1,1,0,0,0
373,374,Polar,2019,18+,73/100,1,0,0,0,0
374,375,Saving Capitalism,2017,7+,73/100,1,0,0,0,0
375,376,The Untold Tales of Armistead Maupin,2017,,73/100,1,0,0,0,0
376,377,The Mitchells vs. The Machines,2021,7+,73/100,1,0,0,0,0
377,378,Spenser Confidential,2020,18+,73/100,1,0,0,0,0
378,379,Psychokinesis,2018,,73/100,1,0,0,0,0
379,380,Monsters vs Aliens,2009,7+,73/100,1,0,0,0,0
380,381,Twilight,2008,13+,73/100,1,0,1,0,0
381,382,Self/less,2015,13+,73/100,1,0,0,0,0
382,383,The Highwaymen,2019,18+,73/100,1,0,0,0,0
383,384,ParaNorman,2012,7+,73/100,1,0,0,0,0
384,385,Holidate,2020,,73/100,1,0,0,0,0
385,386,Fear Street Part Two: 1978,2021,18+,73/100,1,0,0,0,0
386,387,Pee-wee's Big Holiday,2016,7+,73/100,1,0,0,0,0
387,388,Gunpowder Milkshake,2021,18+,73/100,1,0,0,0,0
"388,389,""Michael Bolton's Big, Sexy Valentine's Day Special"",2017,18+,73/100,1,0,0,0,0"
389,390,I Am Not Your Negro,2017,18+,73/100,1,1,0,0,0
390,391,Midnight Special,2016,13+,73/100,1,0,0,0,0
391,392,Layla M.,2016,,73/100,1,0,0,0,0
392,393,Homefront,2013,18+,73/100,1,0,0,0,0
393,394,The Squid and the Whale,2005,18+,73/100,1,0,0,0,0
394,395,Comedian,2002,18+,73/100,1,0,0,0,0
395,396,No Escape,2015,18+,73/100,1,0,0,0,0
396,397,Mercury 13,2018,,73/100,1,0,0,0,0
397,398,The Professor and the Madman,2019,,73/100,1,0,0,0,0
398,399,Asperger's Are Us,2016,,73/100,1,0,0,0,0
399,400,The Garden of Words,2013,13+,73/100,1,0,0,0,0
400,401,Fractured,2019,18+,73/100,1,0,1,0,0
401,402,The Queen,2006,13+,73/100,1,0,0,0,0
402,403,The Whole Nine Yards,2000,18+,72/100,1,0,0,0,0
403,404,E-Team,2014,,72/100,1,0,0,0,0
404,405,The Discovery,2017,18+,72/100,1,0,0,0,0
405,406,The Strangers,2008,18+,72/100,1,0,0,0,0
406,407,Penguins of Madagascar,2014,7+,72/100,1,0,0,0,0
407,408,She's Out of My League,2010,18+,72/100,1,0,1,0,0
408,409,Voyeur,2017,18+,72/100,1,0,0,0,0
409,410,It Comes at Night,2017,18+,72/100,1,0,0,0,0
410,411,The Manchurian Candidate,2004,18+,72/100,1,0,1,0,0
411,412,Bon Cop Bad Cop 2,2017,,72/100,1,0,0,0,0
412,413,Hot Rod,2007,13+,72/100,1,0,1,0,0
413,414,The BFG,2016,7+,72/100,1,0,0,0,0
414,415,Sunday's Illness,2018,13+,72/100,1,0,0,0,0
415,416,The Lorax,2012,7+,72/100,1,1,0,0,0
416,417,Win It All,2017,18+,72/100,1,0,0,0,0
417,418,Mile 22,2018,18+,72/100,1,0,0,0,0
418,419,Tenacious D in The Pick of Destiny,2006,18+,72/100,1,0,0,0,0
419,420,The Sum of All Fears,2002,13+,72/100,1,0,0,0,0
420,421,G.O.R.A.,2004,13+,72/100,1,0,0,0,0
421,422,The Perfect Date,2019,16+,72/100,1,0,0,0,0
422,423,Code 8,2019,,72/100,1,0,0,0,0
423,424,Cowspiracy: The Sustainability Secret,2014,,72/100,1,0,0,0,0
424,425,Life As We Know It,2010,13+,72/100,1,0,0,0,0
425,426,American Assassin,2017,18+,72/100,1,0,0,0,0
426,427,August: Osage County,2013,18+,72/100,1,0,0,0,0
427,428,Kuch Kuch Hota Hai,1998,all,72/100,1,0,0,0,0
428,429,Who Am I,2014,,72/100,1,0,0,0,0
429,430,Free State of Jones,2016,18+,72/100,1,0,0,0,0
430,431,Beast Stalker,2008,,72/100,1,0,0,0,0
431,432,Dark Skies,2013,16+,72/100,1,0,0,0,0
432,433,Safe Haven,2013,13+,72/100,1,0,0,0,0
433,434,Bāhubali 2: The Conclusion,2017,7+,72/100,1,0,0,0,0
434,435,Outlaw King,2018,18+,72/100,1,0,0,0,0
435,436,Cloudy with a Chance of Meatballs 2,2013,7+,72/100,1,0,0,0,0
436,437,Turbo,2013,7+,72/100,1,0,0,0,0
437,438,G.I. Joe: The Rise of Cobra,2009,13+,72/100,1,0,0,0,0
438,439,Horns,2013,18+,72/100,1,0,0,0,0
439,440,Drishyam,2015,18+,72/100,1,0,0,0,0
440,441,Triple Frontier,2019,18+,72/100,1,0,0,0,0
"441,442,""Hail, Caesar!"",2016,13+,72/100,1,0,0,0,0"
442,443,The Ice Road,2021,13+,72/100,1,0,0,0,0
443,444,Monster House,2006,7+,72/100,1,0,0,0,0
444,445,Freaks,2019,18+,72/100,1,0,0,0,0
445,446,Felon,2008,18+,72/100,1,0,0,0,0
446,447,Horse Girl,2020,18+,72/100,1,0,0,0,0
447,448,A Christmas Prince,2017,7+,72/100,1,0,1,0,0
448,449,Hillbilly Elegy,2020,18+,72/100,1,0,0,0,0
449,450,American Ultra,2015,18+,72/100,1,0,0,0,0
450,451,First Match,2018,18+,72/100,1,0,0,0,0
451,452,The Pelican Brief,1993,13+,72/100,1,0,0,0,0
452,453,The Tourist,2010,13+,72/100,1,0,0,0,0
453,454,The Dawn Wall,2017,16+,72/100,1,0,0,0,0
454,455,I'm Thinking of Ending Things,2020,18+,71/100,1,0,0,0,0
455,456,Shutter,2004,18+,71/100,1,0,0,0,0
456,457,Surf's Up,2007,7+,71/100,1,0,1,0,0
457,458,The Twilight Saga: Breaking Dawn - Part 2,2012,13+,71/100,1,0,0,0,0
458,459,Jagga Jasoos,2017,7+,71/100,1,0,0,0,0
459,460,The Burial of Kojo,2018,,71/100,1,0,0,0,0
460,461,My Best Friend's Wedding,1997,13+,71/100,1,0,0,0,0
461,462,Bee Movie,2007,7+,71/100,1,0,0,0,0
462,463,Seoul Searching,2015,18+,71/100,1,0,0,0,0
463,464,Before I Fall,2017,13+,71/100,1,0,0,0,0
464,465,The Babysitter,2017,18+,71/100,1,0,0,0,0
465,466,After,2019,13+,71/100,1,0,0,0,0
"466,467,""As Above, So Below"",2014,18+,71/100,1,0,0,0,0"
467,468,Bo Burnham: What.,2013,18+,71/100,1,0,0,0,0
468,469,Stree,2018,,71/100,1,0,1,0,0
469,470,Velvet Buzzsaw,2019,18+,71/100,1,0,0,0,0
470,471,Savages,2012,18+,71/100,1,0,0,0,0
471,472,Jupiter Ascending,2015,13+,71/100,1,0,0,0,0
472,473,Spectral,2016,13+,71/100,1,0,0,0,0
473,474,Resident Evil: Afterlife,2010,18+,71/100,1,1,0,0,0
474,475,Accepted,2006,13+,71/100,1,0,0,0,0
"475,476,""Live Twice, Love Once"",2019,18+,71/100,1,0,0,0,0"
476,477,Iliza Shlesinger: Elder Millennial,2018,18+,71/100,1,0,0,0,0
477,478,Zindagi Na Milegi Dobara,2011,7+,71/100,1,0,0,0,0
478,479,Free Fire,2017,18+,71/100,1,0,0,0,0
479,480,Soorma,2018,13+,71/100,1,0,0,0,0
480,481,The Zookeeper's Wife,2017,13+,71/100,1,0,0,0,0
481,482,Time Share,2018,18+,71/100,1,0,0,0,0
482,483,The Outpost,2019,18+,71/100,1,0,0,0,0
483,484,Kabir Singh,2019,,71/100,1,0,0,0,0
484,485,Homecoming: A Film by Beyoncé,2019,13+,71/100,1,0,0,0,0
485,486,Jerry Seinfeld: 23 Hours to Kill,2020,7+,71/100,1,0,0,0,0
486,487,Ip Man 4: The Finale,2019,16+,71/100,1,0,0,0,0
487,488,The Laundromat,2019,18+,71/100,1,0,0,0,0
488,489,The 12th Man,2017,,71/100,1,1,0,0,0
489,490,Bad Trip,2020,18+,71/100,1,0,0,0,0
490,491,Mr. Peabody & Sherman,2014,7+,71/100,1,0,0,0,0
491,492,Ip Man 3,2015,13+,71/100,1,0,0,0,0
492,493,Rang De Basanti,2006,13+,71/100,1,0,0,0,0
493,494,The Midnight Sky,2020,13+,71/100,1,0,0,0,0
494,495,Mr. Right,2016,18+,71/100,1,0,0,0,0
495,496,White Christmas,1954,,71/100,1,0,0,0,0
496,497,Synchronic,2020,18+,71/100,1,0,0,0,0
497,498,Adrift,2018,13+,70/100,1,0,0,0,0
498,499,The Game Changers,2019,,70/100,1,0,0,0,0
499,500,Michelle Wolf: Joke Show,2019,,70/100,1,0,0,0,0
500,501,Da 5 Bloods,2020,18+,70/100,1,0,0,0,0
501,502,The American,2010,18+,70/100,1,0,1,0,0
502,503,The Best of Enemies,2019,13+,70/100,1,0,0,0,0
503,504,Forgotten,2017,18+,70/100,1,0,1,0,0
504,505,I Don't Feel at Home in This World Anymore,2017,18+,70/100,1,0,0,0,0
505,506,Lupin the Third: The Castle of Cagliostro,1979,7+,70/100,1,0,0,0,0
506,507,Never Back Down,2008,13+,70/100,1,0,0,0,0
507,508,Fear Street: 1666,2021,18+,70/100,1,0,0,0,0
508,509,Zathura: A Space Adventure,2005,7+,70/100,1,0,0,0,0
"509,510,""Faith, Hope & Love"",2019,7+,70/100,1,0,0,0,0"
510,511,2 States,2014,7+,70/100,1,0,0,0,0
511,512,Grass is Greener,2019,,70/100,1,0,0,0,0
512,513,May the Devil Take You,2018,18+,70/100,1,0,0,0,0
513,514,Double Jeopardy,1999,18+,70/100,1,0,0,0,0
514,515,Ava,2020,18+,70/100,1,0,0,0,0
515,516,Barfi!,2012,all,70/100,1,0,0,0,0
516,517,Barry,2016,,70/100,1,0,0,0,0
517,518,Go!,2020,,70/100,1,0,0,0,0
518,519,Everybody's Fine,2009,13+,70/100,1,0,0,0,0
519,520,Monty Python Live at the Hollywood Bowl,1982,18+,70/100,1,0,0,0,0
520,521,Parker,2013,18+,70/100,1,0,0,0,0
521,522,The Karate Kid Part II,1986,7+,70/100,1,0,0,0,0
522,523,System Crasher,2019,,70/100,1,0,0,0,0
523,524,Under Siege,1992,18+,70/100,1,0,0,0,0
524,525,Brain on Fire,2017,13+,70/100,1,0,0,0,0
525,526,The Butterfly's Dream,2013,13+,70/100,1,0,0,0,0
526,527,The Wrong Missy,2020,18+,70/100,1,0,0,0,0
527,528,Battle: Los Angeles,2011,13+,70/100,1,0,0,0,0
528,529,Pari,2018,13+,70/100,1,0,1,0,0
529,530,The Beguiled,2017,18+,70/100,1,0,0,0,0
530,531,Batman: The Killing Joke,2016,18+,70/100,1,0,0,0,0
531,532,Sex Drive,2008,18+,70/100,1,0,0,0,0
532,533,Mosul,2020,,70/100,1,0,0,0,0
533,534,Pokémon the Movie: The Power of Us,2018,all,70/100,1,0,0,0,0
534,535,Underdogs,2013,7+,70/100,1,0,1,0,0
535,536,The Little Rascals,1994,7+,70/100,1,0,0,0,0
536,537,Fun with Dick and Jane,2005,13+,70/100,1,0,1,0,0
537,538,Ballerina,2016,7+,70/100,1,0,0,0,0
538,539,Hasan Minhaj: Homecoming King,2017,18+,70/100,1,0,0,0,0
539,540,An Easy Girl,2019,18+,70/100,1,0,0,0,0
540,541,Highway,2014,13+,70/100,1,0,1,0,0
541,542,The Book of Henry,2017,13+,70/100,1,0,0,0,0
542,543,Reversing Roe,2018,,70/100,1,0,0,0,0
543,544,The Clovehitch Killer,2018,13+,70/100,1,1,0,0,0
544,545,There's Something in the Water,2019,,70/100,1,0,0,0,0
545,546,Stuart Little,1999,7+,70/100,1,0,0,0,0
546,547,Barakah Meets Barakah,2016,,70/100,1,0,0,0,0
547,548,Starsky & Hutch,2004,13+,70/100,1,0,0,0,0
548,549,Loving,2016,13+,70/100,1,0,0,0,0
549,550,Haider,2014,13+,70/100,1,0,0,0,0
550,551,The Twilight Saga: Eclipse,2010,13+,70/100,1,0,0,0,0
551,552,Triple 9,2016,18+,70/100,1,0,0,0,0
552,553,Spanglish,2004,13+,70/100,1,0,0,0,0
553,554,The Spiderwick Chronicles,2008,7+,70/100,1,0,0,0,0
554,555,Kahaani,2012,16+,69/100,1,0,0,0,0
555,556,Lady J,2018,16+,69/100,1,0,0,0,0
556,557,The Interpreter,2005,13+,69/100,1,0,0,0,0
"557,558,""Frankenstein's Monster's Monster, Frankenstein"",2019,16+,69/100,1,0,0,0,0"
558,559,Not Another Teen Movie,2001,16+,69/100,1,0,1,0,0
559,560,The Cloverfield Paradox,2018,13+,69/100,1,0,0,0,0
560,561,Disclosure,2020,18+,69/100,1,0,0,0,0
561,562,Hot Girls Wanted,2015,,69/100,1,0,0,0,0
562,563,Dead Man Down,2013,18+,69/100,1,0,0,0,0
563,564,Fear Street: 1994,2021,,69/100,1,0,0,0,0
564,565,Kill the Irishman,2011,18+,69/100,1,0,0,0,0
565,566,Set It Up,2018,16+,69/100,1,0,0,0,0
566,567,Case 39,2009,18+,69/100,1,0,1,0,0
567,568,Outside the Wire,2021,18+,69/100,1,0,0,0,0
568,569,Steal a Pencil for Me,2007,,69/100,1,0,0,0,0
569,570,Project Power,2020,18+,69/100,1,0,0,0,0
570,571,High Strung Free Dance,2018,7+,69/100,1,0,0,0,0
571,572,The Twilight Saga: Breaking Dawn - Part 1,2011,13+,69/100,1,0,0,0,0
572,573,Marc Maron: Too Real,2017,,69/100,1,0,0,0,0
573,574,The Polka King,2017,,69/100,1,0,0,0,0
574,575,6 Balloons,2018,18+,69/100,1,0,0,0,0
575,576,Amanda Knox,2016,18+,69/100,1,0,0,0,0
576,577,At Eternity's Gate,2018,13+,69/100,1,0,0,0,0
577,578,Anon,2018,18+,69/100,1,0,0,0,0
578,579,3 Days to Kill,2014,13+,69/100,1,0,0,0,0
579,580,To the Bone,2017,18+,69/100,1,0,0,0,0
580,581,Trollhunters: Rise of the Titans,2021,7+,69/100,1,0,0,0,0
581,582,Mowgli: Legend of the Jungle,2018,13+,69/100,1,0,0,0,0
582,583,Mother's Day,2016,13+,69/100,1,0,1,0,0
583,584,Mortal Kombat,1995,13+,69/100,1,0,0,0,0
584,585,Creep,2014,18+,69/100,1,0,1,0,0
585,586,Death to 2020,2020,18+,69/100,1,0,0,0,0
586,587,Operation Finale,2018,13+,69/100,1,0,0,0,0
587,588,The Great Hack,2019,,69/100,1,0,0,0,0
588,589,The Land of Steady Habits,2018,,69/100,1,0,0,0,0
589,590,Suffragette,2015,13+,69/100,1,0,0,0,0
590,591,Wildlife,2018,13+,69/100,1,0,0,0,0
591,592,War Machine,2017,18+,69/100,1,0,0,0,0
592,593,Bending the Arc,2017,,69/100,1,0,0,0,0
593,594,Kill the Messenger,2014,18+,69/100,1,0,0,0,0
594,595,Feminists: What Were They Thinking?,2018,,69/100,1,0,0,0,0
595,596,If Anything Happens I Love You,2020,7+,69/100,1,0,0,0,0
596,597,Nobody Speak: Trials of the Free Press,2017,16+,69/100,1,0,0,0,0
597,598,Sand Castle,2017,18+,69/100,1,0,0,0,0
598,599,The Forest of Love,2019,18+,69/100,1,0,0,0,0
599,600,Kabhi Alvida Naa Kehna,2006,18+,69/100,1,0,0,0,0
600,601,Fatherhood,2021,13+,69/100,1,0,0,0,0
601,602,Our Idiot Brother,2011,18+,69/100,1,0,0,0,0
602,603,Quién te cantará,2018,,68/100,1,0,0,0,0
603,604,Takers,2010,13+,68/100,1,0,1,0,0
604,605,Udaan,2010,18+,68/100,1,0,0,0,0
605,606,City of Joy,2016,,68/100,1,0,1,0,0
606,607,Under the Shadow,2016,13+,68/100,1,0,0,0,0
607,608,The Silence of Others,2019,,68/100,1,0,0,0,0
608,609,Nacho Libre,2006,7+,68/100,1,0,0,0,0
609,610,Ninja Assassin,2009,18+,68/100,1,0,0,0,0
610,611,The Twilight Saga: New Moon,2009,13+,68/100,1,0,0,0,0
611,612,Rocks,2020,18+,68/100,1,0,0,0,0
612,613,Step Up Revolution,2012,13+,68/100,1,1,0,0,0
613,614,Giving Voice,2020,13+,68/100,1,0,0,0,0
614,615,Like Father,2018,18+,68/100,1,0,0,0,0
615,616,Eddie Murphy Raw,1987,18+,68/100,1,0,0,0,0
616,617,Berserk: The Golden Age Arc III - The Advent,2013,18+,68/100,1,0,0,0,0
617,618,Aval,2017,13+,68/100,1,0,0,0,0
618,619,The Promise,2016,13+,68/100,1,0,0,0,0
619,620,Prospect,2018,18+,68/100,1,0,0,0,0
620,621,Ne Zha,2019,,68/100,1,0,0,0,0
621,622,Bad Genius,2017,13+,68/100,1,0,0,0,0
622,623,Burning Sands,2017,18+,68/100,1,0,0,0,0
623,624,Ludo,2020,13+,68/100,1,0,0,0,0
624,625,Eat Pray Love,2010,13+,68/100,1,0,0,0,0
625,626,Circle,2015,,68/100,1,0,1,0,0
626,627,Rolling Thunder Revue: A Bob Dylan Story by Martin Scorsese,2019,18+,68/100,1,0,0,0,0
627,628,Dovlatov,2018,13+,68/100,1,0,0,0,0
628,629,Lakshya,2004,all,68/100,1,0,0,0,0
629,630,American Murder: The Family Next Door,2020,18+,68/100,1,0,0,0,0
630,631,Jab We Met,2007,13+,68/100,1,0,1,0,0
631,632,Kuchh Bheege Alfaaz,2018,,68/100,1,0,0,0,0
632,633,John Mulaney: The Comeback Kid,2015,7+,68/100,1,0,0,0,0
633,634,Apostle,2018,18+,68/100,1,0,0,0,0
634,635,After We Collided,2020,18+,68/100,1,0,0,0,0
635,636,Mystic Pizza,1988,16+,68/100,1,1,0,0,0
636,637,Middle Men,2009,18+,68/100,1,0,0,0,0
637,638,To All the Boys: P.S. I Still Love You,2020,16+,68/100,1,0,0,0,0
638,639,Malang,2020,,68/100,1,0,0,0,0
639,640,Someone Great,2019,18+,68/100,1,0,0,0,0
640,641,Time Trap,2017,18+,68/100,1,0,0,0,0
641,642,In This Corner of the World,2016,13+,68/100,1,0,0,0,0
642,643,C/o Kancharapalem,2018,7+,68/100,1,0,0,0,0
643,644,Agneepath,1990,,68/100,1,0,0,0,0
644,645,The Package,2018,18+,67/100,1,0,0,0,0
645,646,Tau,2018,18+,67/100,1,0,0,0,0
646,647,Your Highness,2011,18+,67/100,1,0,1,0,0
647,648,Alexander,2004,18+,67/100,1,0,0,0,0
648,649,Rurouni Kenshin: The Final,2021,,67/100,1,0,0,0,0
649,650,Bill Burr: I'm Sorry You Feel That Way,2014,18+,67/100,1,0,0,0,0
650,651,Berserk: The Golden Age Arc I - The Egg of the King,2012,18+,67/100,1,0,0,0,0
651,652,All the Bright Places,2020,18+,67/100,1,0,0,0,0
652,653,Streets of Fire,1984,7+,67/100,1,0,0,0,0
653,654,Sleepless,2017,18+,67/100,1,0,0,0,0
654,655,An Egyptian Story,1982,,67/100,1,0,0,0,0
655,656,Major Grom: Plague Doctor,2021,,67/100,1,0,0,0,0
656,657,Struggle: The Life and Lost Art of Szukalski,2018,18+,67/100,1,0,0,0,0
657,658,Seaspiracy,2021,18+,67/100,1,0,0,0,0
658,659,Wish I Was Here,2014,18+,67/100,1,0,0,0,0
659,660,Moxie,2021,13+,67/100,1,0,0,0,0
660,661,18 Presents,2020,18+,67/100,1,0,0,0,0
661,662,Oxygen,2021,18+,67/100,1,0,0,0,0
662,663,Private Life,2018,18+,67/100,1,0,0,0,0
663,664,The Grandmaster,2013,13+,67/100,1,0,0,0,0
664,665,Home Again,2017,13+,67/100,1,0,0,0,0
665,666,Athlete A,2020,13+,67/100,1,0,0,0,0
666,667,The Outsider,2018,,67/100,1,1,1,0,0
667,668,The Fourth Kind,2009,13+,67/100,1,0,0,0,0
668,669,Bastille Day,2016,18+,67/100,1,0,0,0,0
669,670,The Whole Truth,2016,18+,67/100,1,0,0,0,0
670,671,Ibiza,2018,18+,67/100,1,0,0,0,0
671,672,Sabotage,2014,18+,67/100,1,0,0,0,0
672,673,Penguin Bloom,2021,13+,67/100,1,0,0,0,0
673,674,The Kissing Booth 2,2020,,67/100,1,0,0,0,0
674,675,Kingsglaive: Final Fantasy XV,2016,13+,67/100,1,0,0,0,0
675,676,Mirai,2018,7+,67/100,1,0,0,0,0
676,677,Child's Play 2,1990,18+,67/100,1,0,0,0,0
677,678,World Trade Center,2006,13+,67/100,1,0,1,0,0
678,679,OMG: Oh My God!,2012,all,67/100,1,0,0,0,0
679,680,A Private War,2018,18+,67/100,1,0,0,0,0
680,681,Get on Up,2014,13+,67/100,1,0,0,0,0
681,682,The Possession,2012,13+,67/100,1,0,0,0,0
682,683,The Angry Birds Movie 2,2019,7+,67/100,1,0,0,0,0
683,684,Stowaway,2021,18+,67/100,1,0,0,0,0
684,685,Bill Burr: You People Are All The Same,2012,18+,67/100,1,0,0,0,0
685,686,Four Christmases,2008,13+,67/100,1,0,0,0,0
686,687,Bombay Talkies,2013,13+,67/100,1,0,0,0,0
687,688,Vampire Academy,2014,13+,67/100,1,0,0,0,0
688,689,Brick Mansions,2014,13+,67/100,1,0,0,0,0
689,690,Kingdom: Ashin of the North,2021,18+,67/100,1,0,0,0,0
690,691,Andaz Apna Apna,1994,7+,67/100,1,0,0,0,0
691,692,Emicida: AmarElo - It's All for Yesterday,2020,,67/100,1,0,0,0,0
692,693,Blue Miracle,2021,7+,67/100,1,0,0,0,0
693,694,Holding the Man,2015,,67/100,1,0,0,0,0
694,695,Small Town Crime,2018,18+,67/100,1,0,0,0,0
695,696,Ek Ladki Ko Dekha Toh Aisa Laga,2019,,67/100,1,0,0,0,0
696,697,First They Killed My Father,2017,18+,67/100,1,0,0,0,0
697,698,Rising Phoenix,2020,13+,67/100,1,0,0,0,0
698,699,The Wolf's Call,2019,16+,67/100,1,0,0,0,0
699,700,Paan Singh Tomar,2012,7+,67/100,1,0,0,0,0
700,701,John Mulaney & The Sack Lunch Bunch,2019,,67/100,1,0,0,0,0
701,702,Seventh Son,2015,13+,67/100,1,0,0,0,0
702,703,The Death of Mr. Lazarescu,2005,18+,67/100,1,0,0,0,0
703,704,The Occupant,2020,18+,67/100,1,0,0,0,0
704,705,The Body Remembers When the World Broke Open,2019,18+,67/100,1,0,0,0,0
705,706,The Woman in the Window,2021,18+,67/100,1,0,0,0,0
706,707,Berlin Syndrome,2017,18+,67/100,1,0,0,0,0
707,708,What the Health,2017,,67/100,1,0,0,0,0
708,709,The Runaways,2010,18+,67/100,1,0,0,0,0
709,710,Kodachrome,2017,18+,67/100,1,0,0,0,0
710,711,Croupier,1998,18+,67/100,1,0,0,0,0
711,712,The Smurfs,2011,7+,67/100,1,0,0,0,0
712,713,Muppets Most Wanted,2014,7+,67/100,1,0,0,1,0
713,714,Creep 2,2017,18+,67/100,1,0,0,0,0
714,715,Mandela: Long Walk to Freedom,2013,13+,66/100,1,0,0,0,0
715,716,Toilet: A Love Story,2017,,66/100,1,0,0,0,0
716,717,The Square,2013,16+,66/100,1,0,0,0,0
717,718,Jerry Seinfeld: I'm Telling You for the Last Time,1998,all,66/100,1,0,0,0,0
"718,719,""Roxanne, Roxanne"",2017,18+,66/100,1,0,0,0,0"
719,720,Riphagen The Untouchable,2016,,66/100,1,0,0,0,0
720,721,Dear Zindagi,2016,13+,66/100,1,0,0,0,0
721,722,Vizontele,2001,,66/100,1,0,0,0,0
722,723,Good on Paper,2021,18+,66/100,1,0,0,0,0
723,724,Ophelia,2019,13+,66/100,1,0,0,0,0
724,725,Black Sea,2014,18+,66/100,1,0,0,0,0
725,726,Girl,2018,18+,66/100,1,1,0,0,0
726,727,Irreplaceable You,2018,18+,66/100,1,0,0,0,0
727,728,The Do-Over,2016,18+,66/100,1,0,0,0,0
728,729,Metallica: Some Kind of Monster,2004,18+,66/100,1,0,0,0,0
729,730,Handsome Devil,2017,18+,66/100,1,0,0,0,0
730,731,Unfriended,2015,18+,66/100,1,0,0,0,0
731,732,Visaranai,2016,,66/100,1,0,0,0,0
732,733,Been So Long,2018,,66/100,1,0,0,0,0
733,734,Yes Day,2021,7+,66/100,1,0,0,0,0
734,735,Blood Red Sky,2021,18+,66/100,1,0,0,0,0
735,736,The Bleeding Edge,2018,16+,66/100,1,0,0,0,0
736,737,Tread,2020,,66/100,1,0,0,0,0
737,738,Berserk: The Golden Age Arc II - The Battle for Doldrey,2012,18+,66/100,1,0,0,0,0
738,739,Kevin Hart: Irresponsible,2019,18+,66/100,1,0,0,0,0
739,740,In the Tall Grass,2019,18+,66/100,1,0,0,0,0
740,741,Wadjda,2012,7+,66/100,1,0,0,0,0
741,742,Ferry,2021,18+,66/100,1,0,0,0,0
742,743,The Heartbreak Kid,2007,18+,66/100,1,0,0,0,0
743,744,Fools Rush In,1997,13+,66/100,1,0,0,0,0
744,745,Wild Child,2008,13+,66/100,1,0,0,0,0
745,746,The Lovebirds,2020,18+,66/100,1,0,0,0,0
746,747,Machete Kills,2013,18+,66/100,1,0,0,0,0
747,748,Sergio,2020,18+,66/100,1,0,0,0,0
748,749,The Last Letter From Your Lover,2021,18+,66/100,1,0,0,0,0
749,750,Kursk,2018,13+,66/100,1,0,0,0,0
750,751,Then Came You,2019,13+,66/100,1,0,0,0,0
751,752,Gantz:O,2016,18+,66/100,1,0,0,0,0
752,753,Jenny Slate: Stage Fright,2019,18+,66/100,1,0,0,0,0
753,754,Taylor Swift: Reputation Stadium Tour,2018,7+,66/100,1,0,0,0,0
754,755,Jodhaa Akbar,2008,13+,66/100,1,0,0,0,0
755,756,Red Joan,2018,18+,66/100,1,0,0,0,0
756,757,Amateur,2018,18+,66/100,1,0,0,0,0
757,758,What a Girl Wants,2003,7+,66/100,1,0,0,0,0
758,759,Quigley Down Under,1990,13+,66/100,1,0,0,0,0
759,760,Cop Out,2010,18+,66/100,1,0,0,0,0
760,761,Mindhorn,2016,18+,66/100,1,0,0,0,0
761,762,Katt Williams: Great America,2018,18+,66/100,1,0,0,0,0
762,763,Lingua Franca,2020,,66/100,1,0,0,0,0
763,764,Abduction,2011,13+,66/100,1,0,1,0,0
764,765,Copenhagen,2014,,66/100,1,0,0,0,0
765,766,High Flying Bird,2019,18+,66/100,1,0,0,0,0
766,767,Free to Play,2014,,66/100,1,0,0,0,0
767,768,Life of Crime,2013,18+,66/100,1,0,0,0,0
768,769,A Very Murray Christmas,2015,18+,66/100,1,0,0,0,0
769,770,The Silence,2019,13+,65/100,1,0,0,0,0
770,771,Sarah's Key,2010,13+,65/100,1,0,0,0,0
771,772,Abducted in Plain Sight,2018,all,65/100,1,0,0,0,0
772,773,Winchester,2018,13+,65/100,1,0,0,0,0
773,774,Our Souls at Night,2017,16+,65/100,1,0,0,0,0
774,775,The Karate Kid Part III,1989,7+,65/100,1,0,0,0,0
775,776,Haseen Dillruba,2021,18+,65/100,1,0,0,0,0
776,777,SampleThis,2013,,65/100,1,0,0,0,0
777,778,Bride of Chucky,1998,18+,65/100,1,0,0,0,0
778,779,Christine,2016,18+,65/100,1,1,0,0,0
779,780,Secret Superstar,2017,,65/100,1,0,0,0,0
780,781,The Lonely Island Presents: The Unauthorized Bash Brothers Experience,2019,18+,65/100,1,0,0,0,0
781,782,WHAT DID JACK DO?,2017,16+,65/100,1,0,0,0,0
782,783,Blue Jay,2016,,65/100,1,0,0,0,0
783,784,Deidra & Laney Rob a Train,2017,16+,65/100,1,0,0,0,0
784,785,Hari Kondabolu: Warn Your Relatives,2018,,65/100,1,0,0,0,0
785,786,Close,2019,18+,65/100,1,0,0,0,0
786,787,Sir,2018,,65/100,1,0,0,0,0
787,788,Congo,1995,13+,65/100,1,0,0,0,0
788,789,The Prom,2020,13+,65/100,1,0,0,0,0
789,790,Naruto Shippuden the Movie,2007,13+,65/100,1,0,0,0,0
790,791,The Bling Ring,2013,18+,65/100,1,0,0,0,0
791,792,Greater,2016,7+,65/100,1,0,0,0,0
792,793,07:19,2016,,65/100,1,0,0,0,0
793,794,Neal Brennan: 3 Mics,2017,,65/100,1,0,0,0,0
794,795,In the Family,2017,,65/100,1,0,0,0,0
795,796,The Awakening of Motti Wolkenbruch,2018,,65/100,1,0,0,0,0
796,797,Beats,2019,18+,65/100,1,0,1,0,0
797,798,Lost Girls,2020,18+,65/100,1,0,0,0,0
798,799,The Witch: Part 1. The Subversion,2018,,65/100,1,0,0,0,0
799,800,Don,2006,13+,65/100,1,0,0,0,0
800,801,A Little Chaos,2015,18+,65/100,1,0,0,0,0
801,802,Dennis the Menace,1993,7+,65/100,1,0,0,0,0
802,803,iBoy,2017,,65/100,1,0,0,0,0
803,804,Rush: Beyond The Lighted Stage,2010,,65/100,1,0,0,0,0
804,805,See You Yesterday,2019,,65/100,1,0,0,0,0
805,806,Metallica: Through the Never,2013,18+,65/100,1,0,0,0,0
806,807,Xtreme,2021,18+,65/100,1,0,0,0,0
807,808,Beyond the Clouds,2018,,65/100,1,0,0,0,0
808,809,Two Distant Strangers,2020,18+,65/100,1,0,0,0,0
809,810,Bert Kreischer: Secret Time,2018,18+,65/100,1,0,0,0,0
810,811,To All the Boys: Always and Forever,2021,,65/100,1,0,0,0,0
811,812,Breaking Boundaries: The Science of Our Planet,2021,7+,65/100,1,0,0,0,0
"812,813,""Yes, God, Yes"",2019,18+,65/100,1,0,0,0,0"
813,814,The Long Riders,1980,18+,65/100,1,0,1,0,0
814,815,Shepherds and Butchers,2017,18+,65/100,1,0,0,0,0
815,816,Big Miracle,2012,7+,65/100,1,0,0,0,0
816,817,Gunjan Saxena: The Kargil Girl,2020,16+,65/100,1,0,0,0,0
817,818,The Invisible Guardian,2017,16+,65/100,1,0,0,0,0
818,819,Cop Car,2015,18+,65/100,1,0,0,0,0
819,820,Main Hoon Na,2004,7+,65/100,1,0,0,0,0
820,821,Last Breath,2019,18+,65/100,1,0,0,0,0
821,822,The Stepfather,2009,13+,65/100,1,1,1,0,0
822,823,Joe Rogan: Strange Times,2018,,65/100,1,0,0,0,0
823,824,The Sweetest Thing,2002,18+,65/100,1,0,1,0,0
824,825,Dil Se..,1998,13+,65/100,1,0,0,0,0
825,826,Thunder Force,2021,13+,65/100,1,0,0,0,0
826,827,The Ivory Game,2016,,65/100,1,0,0,0,0
827,828,Otherhood,2019,18+,65/100,1,0,0,0,0
828,829,Space Sweepers,2021,,65/100,1,0,0,0,0
829,830,The Prince & Me,2004,7+,65/100,1,0,1,0,0
830,831,For the Love of Spock,2016,,65/100,1,0,0,0,0
831,832,The Green Inferno,2015,18+,64/100,1,0,0,0,0
832,833,A Babysitter's Guide to Monster Hunting,2020,,64/100,1,0,0,0,0
833,834,Fantastic Fungi,2019,16+,64/100,1,0,0,0,0
834,835,West Beirut,1998,13+,64/100,1,0,0,0,0
835,836,He Never Died,2015,18+,64/100,1,0,0,0,0
836,837,The Nut Job,2014,7+,64/100,1,0,0,0,0
837,838,Unicorn Store,2017,,64/100,1,0,0,0,0
838,839,Alex Strangelove,2018,18+,64/100,1,0,0,0,0
839,840,Naruto Shippuden the Movie: The Will of Fire,2009,13+,64/100,1,0,0,0,0
840,841,David Foster: Off the Record,2019,,64/100,1,0,0,0,0
841,842,Pihu,2018,all,64/100,1,0,0,0,0
842,843,American Me,1992,18+,64/100,1,0,0,0,0
843,844,The Christmas Chronicles: Part Two,2020,7+,64/100,1,0,0,0,0
844,845,Sinister 2,2015,18+,64/100,1,0,0,0,0
845,846,Don't Go Breaking My Heart,2011,,64/100,1,0,0,0,0
846,847,Black '47,2018,18+,64/100,1,0,0,0,0
847,848,Mute,2018,18+,64/100,1,0,0,0,0
"848,849,""Crouching Tiger, Hidden Dragon: Sword of Destiny"",2016,13+,64/100,1,0,0,0,0"
849,850,The Ottoman Lieutenant,2017,18+,64/100,1,0,0,0,0
850,851,Teefa in Trouble,2018,13+,64/100,1,0,0,0,0
851,852,David Cross: Making America Great Again,2016,,64/100,1,0,0,0,0
852,853,The Last Days,1998,13+,64/100,1,0,0,0,0
853,854,Fred Claus,2007,7+,64/100,1,0,0,0,0
854,855,Sierra Burgess Is a Loser,2018,13+,64/100,1,0,0,0,0
855,856,Pariah,2011,18+,64/100,1,0,0,0,0
856,857,Cam,2018,18+,64/100,1,0,0,0,0
857,858,The Boys in the Band,2020,18+,64/100,1,0,0,0,0
858,859,Kai Po Che!,2013,,64/100,1,0,0,0,0
859,860,The Tree of Blood,2018,18+,64/100,1,0,0,0,0
860,861,Magic Carpet Ride,2005,13+,64/100,1,0,0,0,0
861,862,A Sun,2019,,64/100,1,0,0,0,0
862,863,The Mirror Has Two Faces,1996,13+,64/100,1,0,0,0,0
863,864,The Skin of the Wolf,2018,,64/100,1,0,0,0,0
864,865,Come Sunday,2018,16+,64/100,1,0,0,0,0
865,866,The Forty-Year-Old Version,2020,18+,64/100,1,0,0,0,0
866,867,Eli,2019,18+,64/100,1,0,0,0,0
867,868,Naruto the Movie: Ninja Clash in the Land of Snow,2004,16+,64/100,1,0,0,0,0
868,869,Tony Robbins: I Am Not Your Guru,2016,,64/100,1,0,0,0,0
869,870,Good Burger,1997,7+,64/100,1,0,0,0,0
870,871,Jimmy Neutron: Boy Genius,2001,all,64/100,1,0,0,0,0
871,872,American Son,2019,,64/100,1,0,0,0,0
872,873,The Call,2020,,64/100,1,0,0,0,0
873,874,Nights in Rodanthe,2008,13+,64/100,1,0,0,0,0
874,875,Dick Johnson Is Dead,2020,13+,64/100,1,0,0,0,0
875,876,Maps to the Stars,2014,18+,64/100,1,0,0,0,0
876,877,The Hows of Us,2018,,64/100,1,0,0,0,0
877,878,Mimi,2021,,64/100,1,0,0,0,0
878,879,100 Meters,2016,,64/100,1,0,0,0,0
879,880,The Death and Life of Marsha P. Johnson,2017,,64/100,1,0,0,0,0
880,881,No Game No Life: Zero,2017,18+,64/100,1,0,0,0,0
881,882,Taylor Tomlinson: Quarter-Life Crisis,2020,16+,64/100,1,0,0,0,0
882,883,All Day and a Night,2020,18+,64/100,1,0,0,0,0
883,884,Ali Wong: Baby Cobra,2016,18+,64/100,1,0,0,0,0
884,885,Parmanu: The Story of Pokhran,2018,,64/100,1,0,0,0,0
885,886,The Incredible Jessica James,2017,,64/100,1,0,0,0,0
886,887,The Happytime Murders,2018,18+,64/100,1,0,0,0,0
887,888,The Strangers: Prey at Night,2018,18+,64/100,1,0,0,0,0
888,889,Cradle 2 the Grave,2003,18+,64/100,1,0,0,0,0
889,890,Jim Gaffigan: King Baby,2009,7+,64/100,1,0,0,0,0
890,891,Rust Creek,2019,18+,64/100,1,0,0,0,0
891,892,The Smurfs 2,2013,7+,64/100,1,0,0,0,0
892,893,Asmaa,2011,,64/100,1,0,0,0,0
893,894,Rock On!!,2008,,64/100,1,0,1,0,0
894,895,Fisherman’s Friends,2019,13+,64/100,1,0,0,0,0
895,896,Avengement,2019,,64/100,1,0,0,0,0
896,897,Other People,2016,,64/100,1,0,0,0,0
897,898,Kicking and Screaming,1995,18+,64/100,1,0,1,0,0
898,899,Tamasha,2015,7+,64/100,1,0,0,0,0
899,900,The Meddler,2016,13+,64/100,1,0,0,0,0
900,901,White Girl,2016,,64/100,1,0,0,0,0
901,902,Below Zero,2021,18+,64/100,1,0,0,0,0
902,903,The Climb,2017,,64/100,1,0,1,0,0
903,904,The Rachel Divide,2018,18+,64/100,1,0,0,0,0
904,905,1000 Mabrouk,2009,,64/100,1,0,0,0,0
905,906,Undefeated,2011,13+,64/100,1,0,0,0,0
906,907,Lying and Stealing,2019,18+,64/100,1,0,0,0,0
907,908,Who Would You Take to a Deserted Island?,2019,,64/100,1,0,0,0,0
908,909,Richard Pryor: Live in Concert,1979,18+,64/100,1,0,0,0,0
909,910,Om Shanti Om,2007,7+,63/100,1,0,0,0,0
910,911,Year One,2009,13+,63/100,1,0,0,0,0
"911,912,""Waiting for """"Superman"""""",2010,7+,63/100,1,0,0,0,0"
912,913,Andhaghaaram,2020,,63/100,1,0,0,0,0
913,914,Hop,2011,all,63/100,1,0,0,0,0
914,915,Coming Soon,2014,7+,63/100,1,0,0,0,0
915,916,The Rugrats Movie,1998,all,63/100,1,0,0,0,0
916,917,Jingle Jangle: A Christmas Journey,2020,7+,63/100,1,0,0,0,0
917,918,Mission Blue,2014,7+,63/100,1,0,0,0,0
918,919,Beverly Hills Ninja,1997,13+,63/100,1,0,0,0,0
919,920,In a Valley of Violence,2016,18+,63/100,1,0,0,0,0
920,921,The Battered Bastards of Baseball,2014,,63/100,1,0,0,0,0
921,922,Inhuman Kiss,2019,,63/100,1,0,0,0,0
922,923,The Motive,2017,18+,63/100,1,0,0,0,0
923,924,Lust Stories,2018,13+,63/100,1,0,0,0,0
924,925,Beyond Skyline,2017,18+,63/100,1,0,0,0,0
925,926,Holiday in the Wild,2019,7+,63/100,1,0,0,0,0
926,927,Umrika,2015,,63/100,1,0,0,0,0
927,928,The Seven Deadly Sins: Prisoners of the Sky,2018,,63/100,1,0,0,0,0
928,929,Long Shot,2017,16+,63/100,1,0,0,0,0
929,930,Dev.D,2009,13+,63/100,1,0,0,0,0
930,931,Judd Apatow: The Return,2017,16+,63/100,1,0,0,0,0
931,932,Jaane Tu... Ya Jaane Na,2008,,63/100,1,0,0,0,0
932,933,Escape from Planet Earth,2012,7+,63/100,1,0,0,0,0
933,934,Aziz Ansari: Live at Madison Square Garden,2015,18+,63/100,1,0,0,0,0
"934,935,""Yours, Mine & Ours"",2005,7+,63/100,1,0,1,0,0"
935,936,Bully,2011,13+,63/100,1,0,0,0,0
936,937,Sleight,2016,18+,63/100,1,0,0,0,0
937,938,The Hummingbird Project,2019,18+,63/100,1,0,0,0,0
"938,939,""Game Over, Man!"",2018,18+,63/100,1,0,0,0,0"
939,940,Edge of Seventeen,1998,18+,63/100,1,0,0,0,0
940,941,A Christmas Prince: The Royal Wedding,2018,7+,63/100,1,0,0,0,0
941,942,American Outlaws,2001,13+,63/100,1,0,0,0,0
942,943,Jim Jefferies: Bare,2014,18+,63/100,1,0,0,0,0
943,944,Wake Up Sid,2009,,63/100,1,0,0,0,0
944,945,Bill Hicks: Relentless,1992,,63/100,1,0,0,0,0
945,946,Mary Magdalene,2018,18+,63/100,1,0,0,0,0
946,947,BLACKPINK: Light Up the Sky,2020,all,63/100,1,0,0,0,0
947,948,Madras Cafe,2013,13+,63/100,1,0,0,0,0
948,949,Berlin Calling,2008,,63/100,1,0,0,0,0
949,950,The Titan,2018,18+,63/100,1,0,0,0,0
950,951,I Am Not an Easy Man,2018,,63/100,1,0,0,0,0
951,952,Love Off the Cuff,2017,,63/100,1,0,0,0,0
952,953,Child's Play 3,1991,18+,63/100,1,0,0,0,0
953,954,Rugrats in Paris: The Movie,2000,all,63/100,1,0,0,0,0
954,955,Naruto Shippuden the Movie: Bonds,2008,16+,63/100,1,0,0,0,0
955,956,Heneral Luna,2015,18+,63/100,1,0,0,0,0
956,957,Delhi Belly,2011,,63/100,1,0,0,0,0
957,958,Armed to the Teeth,2018,,63/100,1,0,0,0,0
958,959,I Am All Girls,2021,18+,63/100,1,0,0,0,0
959,960,Jagame Thandhiram,2021,18+,63/100,1,0,0,0,0
960,961,Master Z: Ip Man Legacy,2019,13+,63/100,1,0,0,0,0
961,962,Hubie Halloween,2020,13+,63/100,1,0,0,0,0
962,963,Naruto Shippuden the Movie: Blood Prison,2011,13+,63/100,1,0,0,0,0
963,964,Awake,2021,,63/100,1,0,1,0,0
964,965,Bulbbul,2020,18+,63/100,1,0,0,0,0
965,966,Malcolm & Marie,2021,18+,63/100,1,0,0,0,0
966,967,Fukrey,2013,13+,63/100,1,0,0,0,0
967,968,Furie,2019,18+,63/100,1,0,0,0,0
968,969,The Blue Elephant Part 2,2019,,63/100,1,0,0,0,0
969,970,Orbiter 9,2017,16+,63/100,1,0,0,0,0
970,971,Awe!,2018,,63/100,1,0,0,0,0
971,972,Our Lovers,2016,,63/100,1,0,0,0,0
972,973,Newness,2017,,63/100,1,0,0,0,0
973,974,Freak Show,2018,,63/100,1,1,0,0,0
974,975,Black or White,2014,13+,63/100,1,0,0,0,0
975,976,Everybody's Everything,2019,18+,63/100,1,0,0,0,0
976,977,The Darkest Hour,2011,13+,63/100,1,0,0,0,0
977,978,Headshot,2016,,63/100,1,0,0,0,0
978,979,Ratchet & Clank,2016,7+,63/100,1,0,0,0,0
979,980,Blind Detective,2013,,63/100,1,0,0,0,0
980,981,Capital in the Twenty-First Century,2019,,63/100,1,0,0,0,0
981,982,Rim of the World,2019,7+,63/100,1,0,0,0,0
982,983,America: The Motion Picture,2021,,63/100,1,0,0,0,0
983,984,The Princess Switch,2018,7+,63/100,1,0,0,0,0
984,985,Belgica,2016,,63/100,1,0,0,0,0
985,986,Pyaar Ka Punchnama 2,2015,13+,63/100,1,0,0,0,0
986,987,Love Jones,1997,18+,63/100,1,0,0,0,0
987,988,Kevin Hart: Seriously Funny,2010,18+,63/100,1,0,0,0,0
988,989,Violet Evergarden: Eternity and the Auto Memory Doll,2019,7+,63/100,1,0,0,0,0
989,990,Little Monsters,1989,7+,63/100,1,1,0,0,0
990,991,Mucize,2015,18+,63/100,1,0,0,0,0
991,992,Playing for Keeps,2012,13+,62/100,1,0,0,0,0
992,993,#Alive,2020,,62/100,1,0,0,0,0
993,994,Finding 'Ohana,2021,7+,62/100,1,0,0,0,0
994,995,Three,2016,13+,62/100,1,0,0,0,0
995,996,Aziz Ansari: Right Now,2019,,62/100,1,0,0,0,0
996,997,Bill Hicks: Revelations,1993,,62/100,1,0,0,0,0
997,998,Love Happens,2009,13+,62/100,1,0,0,0,0
998,999,The Wind,2019,18+,62/100,1,0,0,0,0
999,1000,Habibie & Ainun,2012,,62/100,1,0,0,0,0
1000,1001,Feel the Beat,2020,all,62/100,1,0,0,0,0
1001,1002,Hotel for Dogs,2009,7+,62/100,1,0,0,0,0
1002,1003,Silver Skates,2020,18+,62/100,1,0,0,0,0
1003,1004,Elizabeth Harvest,2018,18+,62/100,1,0,0,0,0
1004,1005,Joseph: King of Dreams,2000,all,62/100,1,0,0,0,0
1005,1006,Choked: Paisa Bolta Hai,2020,16+,62/100,1,0,0,0,0
1006,1007,Carrie Pilby,2017,,62/100,1,0,0,0,0
1007,1008,Blame!,2017,13+,62/100,1,0,0,0,0
1008,1009,Ala Vaikunthapurramuloo,2020,13+,62/100,1,0,0,0,0
1009,1010,The Operative,2019,18+,62/100,1,0,0,0,0
1010,1011,Pelé,2021,13+,62/100,1,0,0,0,0
1011,1012,Little Evil,2017,18+,62/100,1,0,0,0,0
1012,1013,Mersal,2017,,62/100,1,0,0,0,0
1013,1014,Hannah Gadsby: Douglas,2020,18+,62/100,1,0,0,0,0
1014,1015,Operation Christmas Drop,2020,all,62/100,1,0,0,0,0
1015,1016,Pokémon the Movie: I Choose You!,2017,7+,62/100,1,0,0,0,0
1016,1017,Sweetheart,2019,13+,62/100,1,0,0,0,0
1017,1018,Delirium,2018,18+,62/100,1,0,0,0,0
1018,1019,The Bar,2017,,62/100,1,0,0,0,0
1019,1020,Herod's Law,1999,18+,62/100,1,0,0,0,0
1020,1021,A Princess for Christmas,2011,7+,62/100,1,0,0,0,0
1021,1022,Triple Threat,2019,18+,62/100,1,0,0,0,0
1022,1023,Kevin Hart: What Now?,2016,18+,62/100,1,0,0,0,0
1023,1024,Goon: Last of the Enforcers,2017,18+,62/100,1,0,0,0,0
1024,1025,The Unknown Known,2013,13+,62/100,1,0,0,0,0
1025,1026,The Paramedic,2020,18+,62/100,1,0,0,0,0
1026,1027,Yuva,2004,7+,62/100,1,0,0,0,0
1027,1028,Can't Help Falling in Love,2017,,62/100,1,0,0,0,0
1028,1029,Sandy Wexler,2017,16+,62/100,1,0,0,0,0
1029,1030,Nothing to Hide,2018,18+,62/100,1,0,0,0,0
1030,1031,Sad Hill Unearthed,2017,,62/100,1,0,0,0,0
1031,1032,How I Became a Superhero,2021,,62/100,1,0,0,0,0
1032,1033,Isi & Ossi,2020,18+,62/100,1,0,0,0,0
1033,1034,Naruto Shippuden the Movie: The Lost Tower,2010,7+,62/100,1,0,0,0,0
1034,1035,Trailer Park Boys: The Movie,2006,18+,62/100,1,0,0,0,0
1035,1036,The Ridiculous 6,2015,13+,62/100,1,0,0,0,0
1036,1037,Sword of Trust,2019,18+,62/100,1,0,0,0,0
1037,1038,Bad Seeds,2018,18+,62/100,1,0,0,0,0
1038,1039,Wildling,2018,18+,62/100,1,0,0,0,0
1039,1040,Uyare,2019,,62/100,1,0,0,0,0
1040,1041,Christmas Inheritance,2017,,62/100,1,0,0,0,0
1041,1042,Chopsticks,2019,,62/100,1,0,0,0,0
1042,1043,2 Hearts,2020,13+,62/100,1,0,0,0,0
1043,1044,The Night Clerk,2020,18+,62/100,1,0,0,0,0
1044,1045,Kevin Hart: I'm a Grown Little Man,2009,18+,62/100,1,0,0,0,0
1045,1046,Work It,2020,16+,62/100,1,0,0,0,0
1046,1047,Domestic Disturbance,2001,13+,62/100,1,0,0,0,0
1047,1048,Gimme Shelter,2013,13+,62/100,1,0,0,0,0
1048,1049,My Beautiful Broken Brain,2014,,62/100,1,0,0,0,0
1049,1050,Bill Burr: Walk Your Way Out,2017,,62/100,1,0,0,0,0
1050,1051,Minimalism: A Documentary About the Important Things,2015,,62/100,1,0,0,0,0
1051,1052,Toc Toc,2017,7+,62/100,1,0,0,0,0
1052,1053,Secret Magic Control Agency,2021,7+,62/100,1,0,0,0,0
1053,1054,The Three Deaths of Marisela Escobedo,2020,18+,62/100,1,0,0,0,0
1054,1055,Message from the King,2016,18+,62/100,1,0,0,0,0
1055,1056,Falling Inn Love,2019,7+,62/100,1,0,0,0,0
1056,1057,Demetri Martin: The Overthinker,2018,,62/100,1,0,0,0,0
1057,1058,Nayattu,2021,18+,61/100,1,0,0,0,0
1058,1059,Cairo Station,1958,,61/100,1,0,0,0,0
1059,1060,No Longer kids,1979,,61/100,1,0,0,0,0
1060,1061,Demonic,2015,18+,61/100,1,0,0,0,0
1061,1062,Wine Country,2019,18+,61/100,1,0,0,0,0
1062,1063,The Fury of a Patient Man,2016,,61/100,1,0,0,0,0
1063,1064,4 latas,2019,,61/100,1,0,0,0,0
1064,1065,The Last Summer,2019,16+,61/100,1,0,0,0,0
1065,1066,Jeff Dunham: Arguing with Myself,2006,13+,61/100,1,0,1,0,0
1066,1067,Initial D,2005,7+,61/100,1,0,0,0,0
1067,1068,In Darkness,2018,,61/100,1,0,0,0,0
1068,1069,Mike Birbiglia: My Girlfriend's Boyfriend,2013,,61/100,1,0,0,0,0
1069,1070,Seth Meyers: Lobby Baby,2019,18+,61/100,1,0,0,0,0
1070,1071,Audrey,2020,16+,61/100,1,0,0,0,0
1071,1072,I'm No Longer Here,2019,18+,61/100,1,0,0,0,0
1072,1073,Bad Day for the Cut,2017,,61/100,1,0,0,0,0
1073,1074,The Other Side of the Wind,2018,18+,61/100,1,0,0,0,0
"1074,1075,""Best Wishes, Warmest Regards: A Schitt's Creek Farewell"",2020,,61/100,1,0,0,0,0"
1075,1076,Modest Heroes,2018,7+,61/100,1,0,0,0,0
1076,1077,Bennett's War,2019,13+,61/100,1,0,0,0,0
1077,1078,Seed of Chucky,2004,18+,61/100,1,0,0,0,0
1078,1079,Welcome Home,2018,18+,61/100,1,0,0,0,0
1079,1080,1BR,2020,16+,61/100,1,0,0,0,0
1080,1081,The Debt Collector,2018,,61/100,1,0,1,0,0
1081,1082,Happy New Year,2014,all,61/100,1,0,0,0,0
1082,1083,Katt Williams: The Pimp Chronicles Pt. 1,2006,18+,61/100,1,0,0,0,0
1083,1084,The Last Blockbuster,2020,16+,61/100,1,0,0,0,0
1084,1085,Acts of Vengeance,2017,18+,61/100,1,0,0,0,0
1085,1086,Mandela,2021,16+,61/100,1,0,0,0,0
1086,1087,Calm with Horses,2020,18+,61/100,1,0,0,0,0
1087,1088,A Haunted House 2,2014,18+,61/100,1,0,0,0,0
1088,1089,Giant,2017,13+,61/100,1,0,0,0,0
1089,1090,Dancing with the Birds,2019,,61/100,1,0,0,0,0
1090,1091,Guzaarish,2010,7+,61/100,1,0,0,0,0
1091,1092,The Seventh Day,2021,18+,61/100,1,0,0,0,0
1092,1093,Chris Rock: Tamborine,2018,18+,61/100,1,0,0,0,0
1093,1094,6 Bullets,2012,18+,61/100,1,0,0,0,0
1094,1095,Shimmer Lake,2017,18+,61/100,1,0,0,0,0
1095,1096,Altered Carbon: Resleeved,2020,18+,61/100,1,0,0,0,0
1096,1097,I Am the Pretty Thing That Lives in the House,2016,,61/100,1,0,0,0,0
1097,1098,Don't Listen,2020,,61/100,1,0,0,0,0
1098,1099,The International,2006,13+,61/100,1,0,1,0,0
1099,1100,The Last Airbender,2010,7+,61/100,1,0,0,0,0
1100,1101,Things Heard & Seen,2021,18+,61/100,1,0,0,0,0
1101,1102,Life 2.0,2010,,61/100,1,0,0,0,0
1102,1103,Fighting,2009,13+,61/100,1,0,0,0,0
1103,1104,Wanda Sykes: Not Normal,2019,,61/100,1,0,0,0,0
1104,1105,Studio 54,2018,18+,61/100,1,0,0,0,0
1105,1106,Best of the Best,1989,13+,61/100,1,0,0,0,0
1106,1107,Incarnate,2016,13+,61/100,1,0,0,0,0
1107,1108,Raman Raghav 2.0,2016,,61/100,1,0,0,0,0
1108,1109,Steel Rain,2017,18+,61/100,1,0,0,0,0
1109,1110,Jim Gaffigan: Beyond the Pale,2006,16+,61/100,1,0,0,0,0
1110,1111,Ajji,2017,,61/100,1,0,0,0,0
1111,1112,The Legend of Bhagat Singh,2002,,61/100,1,0,0,0,0
1112,1113,Hell Fest,2018,18+,61/100,1,0,0,0,0
1113,1114,Oththa Seruppu Size 7,2019,,61/100,1,0,0,0,0
1114,1115,Wasp Network,2020,18+,61/100,1,0,0,0,0
1115,1116,Monster,2021,18+,61/100,1,0,1,0,0
1116,1117,Kaminey,2009,13+,61/100,1,0,0,0,0
1117,1118,Hasee Toh Phasee,2014,13+,61/100,1,0,0,0,0
1118,1119,A Plastic Ocean,2016,,61/100,1,0,0,0,0
1119,1120,Naruto the Movie: Legend of the Stone of Gelel,2005,16+,61/100,1,0,0,0,0
1120,1121,Shrek the Musical,2013,13+,61/100,1,0,0,0,0
1121,1122,Maximum Risk,1996,18+,61/100,1,1,0,0,0
1122,1123,True Memoirs of an International Assassin,2016,16+,61/100,1,0,0,0,0
1123,1124,Animal World,2018,18+,61/100,1,0,0,0,0
1124,1125,Sightless,2020,,61/100,1,0,0,0,0
1125,1126,Red Dot,2021,18+,61/100,1,0,0,0,0
1126,1127,Tom Segura: Ball Hog,2020,18+,61/100,1,0,0,0,0
1127,1128,Earthquake Bird,2019,18+,61/100,1,0,0,0,0
1128,1129,Your Name Engraved Herein,2020,,61/100,1,0,0,0,0
1129,1130,Skater Girl,2021,7+,61/100,1,0,0,0,0
1130,1131,Bhavesh Joshi Superhero,2018,,61/100,1,0,0,0,0
1131,1132,5 Flights Up,2014,13+,60/100,1,0,0,0,0
1132,1133,Murder by the Coast,2021,18+,60/100,1,0,0,0,0
1133,1134,Radio Rebel,2012,all,60/100,1,0,0,0,0
"1134,1135,""Crack: Cocaine, Corruption & Conspiracy"",2021,18+,60/100,1,0,0,0,0"
1135,1136,Bittersweet,2010,,60/100,1,0,0,0,0
1136,1137,Rangoon,2017,,60/100,1,0,0,0,0
1137,1138,How It Ends,2018,18+,60/100,1,0,0,0,0
1138,1139,Arjun: The Warrior Prince,2012,all,60/100,1,0,0,0,0
1139,1140,Love per Square Foot,2018,16+,60/100,1,0,0,0,0
1140,1141,Nail Bomber: Manhunt,2021,18+,60/100,1,0,0,0,0
1141,1142,We the Animals,2018,18+,60/100,1,0,0,0,0
"1142,1143,""Take the Ball, Pass the Ball"",2018,,60/100,1,0,0,0,0"
1143,1144,Pee Mak Phrakanong,2013,13+,60/100,1,0,0,0,0
1144,1145,Cut Bank,2014,18+,60/100,1,0,0,0,0
1145,1146,Gabbar Is Back,2015,13+,60/100,1,0,0,0,0
1146,1147,Pete Davidson: Alive from New York,2020,18+,60/100,1,0,0,0,0
1147,1148,Boy Missing,2016,,60/100,1,0,0,0,0
1148,1149,Sorry For Disturbing,2008,,60/100,1,0,0,0,0
1149,1150,Advantageous,2015,,60/100,1,0,0,0,0
1150,1151,David Brent: Life on the Road,2016,,60/100,1,0,0,0,0
1151,1152,A Fall from Grace,2020,18+,60/100,1,0,0,0,0
1152,1153,The Legacy of the Bones,2019,18+,60/100,1,0,0,0,0
1153,1154,Luka Chuppi,2019,7+,60/100,1,0,0,0,0
1154,1155,Ankhon Dekhi,2014,,60/100,1,0,0,0,0
1155,1156,Polaroid,2019,13+,60/100,1,0,0,0,0
1156,1157,Unbreakable Kimmy Schmidt: Kimmy vs. the Reverend,2020,13+,60/100,1,0,0,0,0
1157,1158,Naruto the Movie: Guardians of the Crescent Moon Kingdom,2006,13+,60/100,1,0,0,0,0
1158,1159,This Changes Everything,2019,7+,60/100,1,0,0,0,0
1159,1160,Rebecca,2020,13+,60/100,1,0,0,0,0
1160,1161,Take Your Pills,2018,,60/100,1,0,0,0,0
1161,1162,Jim Jefferies: Freedumb,2016,18+,60/100,1,0,0,0,0
1162,1163,The African Doctor,2016,,60/100,1,0,0,0,0
1163,1164,Secrets of the Saqqara Tomb,2020,7+,60/100,1,0,0,0,0
1164,1165,Jim Gaffigan: Mr. Universe,2012,,60/100,1,0,0,0,0
1165,1166,The Reason I Jump,2020,,60/100,1,0,0,0,0
1166,1167,Retablo,2018,,60/100,1,0,0,0,0
1167,1168,Aamir,2008,18+,60/100,1,0,0,0,0
1168,1169,Yucatán,2018,7+,60/100,1,0,0,0,0
1169,1170,Opening Night,2016,,60/100,1,0,0,0,0
1170,1171,AK vs AK,2020,18+,60/100,1,0,0,0,0
1171,1172,My Ex & Whys,2017,,60/100,1,0,0,0,0
1172,1173,Rogue City,2020,13+,60/100,1,0,0,0,0
1173,1174,Dragon Quest: Your Story,2019,7+,60/100,1,0,0,0,0
1174,1175,Full Out,2015,7+,60/100,1,0,0,0,0
1175,1176,Welcome,2007,,60/100,1,0,0,0,0
1176,1177,Rose Island,2020,,60/100,1,0,0,0,0
1177,1178,Paheli,2005,13+,60/100,1,0,0,0,0
1178,1179,Echo in the Canyon,2019,13+,60/100,1,0,0,0,0
1179,1180,The Wedding Guest,2019,18+,60/100,1,0,0,0,0
1180,1181,Malevolent,2018,18+,60/100,1,0,0,0,0
1181,1182,Donald Glover: Weirdo,2012,,60/100,1,0,0,0,0
1182,1183,Jim Gaffigan: Obsessed,2014,16+,60/100,1,0,0,0,0
1183,1184,We Have Always Lived in the Castle,2018,,60/100,1,0,0,0,0
1184,1185,The Coldest Game,2019,18+,60/100,1,0,0,0,0
1185,1186,The Perfect Dictatorship,2014,,60/100,1,0,0,0,0
1186,1187,La tribu,2018,18+,60/100,1,0,0,0,0
1187,1188,Good Hair,2009,13+,60/100,1,0,0,0,0
1188,1189,I Am Divine,2013,,60/100,1,0,0,0,0
1189,1190,The Secret,2006,7+,60/100,1,0,0,0,0
1190,1191,Paper Lives,2021,,60/100,1,0,0,0,0
1191,1192,The Knight Before Christmas,2019,7+,60/100,1,0,0,0,0
1192,1193,Biggie: I Got a Story to Tell,2021,18+,60/100,1,0,0,0,0
1193,1194,Race,2008,,60/100,1,0,0,0,0
1194,1195,Seventeen,2019,18+,60/100,1,0,0,0,0
1195,1196,Concrete Cowboy,2020,,60/100,1,0,0,0,0
1196,1197,W.E.,2011,18+,60/100,1,0,0,0,0
1197,1198,Aziz Ansari: Buried Alive,2013,,60/100,1,0,0,0,0
1198,1199,Judah Friedlander: America Is the Greatest Country in the United States,2017,18+,60/100,1,0,0,0,0
1199,1200,Into the Grizzly Maze,2015,18+,60/100,1,0,0,0,0
1200,1201,The Vanished,2020,18+,60/100,1,0,0,0,0
1201,1202,Buster's Mal Heart,2017,,60/100,1,0,0,0,0
1202,1203,Dangerous Lies,2020,16+,60/100,1,0,0,0,0
1203,1204,Blaze,2018,18+,60/100,1,0,0,0,0
1204,1205,The Book of Sun,2020,,60/100,1,0,0,0,0
1205,1206,Chalte Chalte,2003,13+,60/100,1,0,0,0,0
1206,1207,The Week Of,2018,13+,60/100,1,0,0,0,0
1207,1208,Tom Segura: Mostly Stories,2016,18+,60/100,1,0,0,0,0
1208,1209,Security,2021,,60/100,1,0,0,0,0
1209,1210,Untamed Romania,2018,7+,60/100,1,0,0,0,0
1210,1211,Angel Eyes,2001,18+,60/100,1,0,0,0,0
1211,1212,Hostel: Part III,2011,18+,60/100,1,0,0,0,0
1212,1213,What Keeps You Alive,2018,18+,60/100,1,0,0,0,0
1213,1214,Cinema Bandi,2021,all,60/100,1,0,0,0,0
1214,1215,Ghosts of War,2020,18+,60/100,1,0,0,0,0
1215,1216,The Wild Thornberrys Movie,2002,7+,60/100,1,0,1,0,0
1216,1217,Inside Man: Most Wanted,2019,18+,60/100,1,0,0,0,0
1217,1218,Kabhi Haan Kabhi Naa,1994,all,60/100,1,0,0,0,0
1218,1219,Illang: The Wolf Brigade,2018,18+,60/100,1,0,0,0,0
1219,1220,Night in Paradise,2020,16+,60/100,1,0,0,0,0
1220,1221,The Ballad of Lefty Brown,2017,18+,60/100,1,0,0,0,0
1221,1222,Rodney King,2017,,60/100,1,0,0,0,0
1222,1223,Tune in for Love,2019,,60/100,1,0,0,0,0
1223,1224,Semana Santa,2015,,60/100,1,0,0,0,0
1224,1225,Jimmy Carr: Funny Business,2016,,60/100,1,0,0,0,0
1225,1226,Trevor Noah: Son of Patricia,2018,18+,60/100,1,0,0,0,0
1226,1227,The History of Future Folk,2012,,60/100,1,0,0,0,0
1227,1228,Romeo Akbar Walter,2019,,60/100,1,0,0,0,0
1228,1229,Nobody Sleeps in the Woods Tonight,2020,18+,59/100,1,0,0,0,0
1229,1230,Bon Cop Bad Cop,2006,13+,59/100,1,0,0,0,0
1230,1231,IO,2019,13+,59/100,1,0,0,0,0
1231,1232,My Little Pony: Best Gift Ever,2018,7+,59/100,1,0,0,0,0
1232,1233,Casting JonBenet,2017,16+,59/100,1,0,0,0,0
1233,1234,For Here or to Go?,2017,,59/100,1,0,0,0,0
1234,1235,Term Life,2016,18+,59/100,1,0,0,0,0
1235,1236,Merku Thodarchi Malai,2018,,59/100,1,0,0,0,0
1236,1237,Outside In,2018,,59/100,1,0,0,0,0
1237,1238,El Camino Christmas,2017,18+,59/100,1,0,0,0,0
"1238,1239,""ariana grande: excuse me, i love you"",2020,,59/100,1,0,0,0,0"
1239,1240,Stephanie,2017,18+,59/100,1,0,0,0,0
1240,1241,Benji,2018,7+,59/100,1,0,1,0,0
1241,1242,3 Generations,2016,13+,59/100,1,0,0,0,0
1242,1243,Never Back Down 2: The Beatdown,2011,18+,59/100,1,0,0,0,0
1243,1244,Bill Hicks: Sane Man,1989,18+,59/100,1,0,0,0,0
1244,1245,Hampstead,2017,13+,59/100,1,0,0,0,0
1245,1246,Zach Galifianakis: Live at the Purple Onion,2007,,59/100,1,0,0,0,0
1246,1247,Burn Out,2018,18+,59/100,1,0,0,0,0
1247,1248,The Next Karate Kid,1994,7+,59/100,1,0,0,0,0
1248,1249,Kung Fu Panda: Secrets of the Scroll,2012,all,59/100,1,0,0,0,0
1249,1250,Holy Camp!,2017,,59/100,1,0,0,0,0
1250,1251,Bleach the Movie: Hell Verse,2010,16+,59/100,1,0,0,0,0
1251,1252,Naomi and Ely's No Kiss List,2015,,59/100,1,0,0,0,0
1252,1253,U Turn,2016,18+,59/100,1,0,1,0,0
1253,1254,The 8th Night,2021,18+,59/100,1,0,0,0,0
1254,1255,Time to Hunt,2020,,59/100,1,0,0,0,0
1255,1256,The Soul,2021,16+,59/100,1,0,0,0,0
1256,1257,Monty Python Live (Mostly),2014,18+,59/100,1,0,0,0,0
1257,1258,Extremis,2016,7+,59/100,1,0,0,0,0
1258,1259,Joe Rogan: Triggered,2016,,59/100,1,0,0,0,0
1259,1260,Trailer Park Boys: Countdown to Liquor Day,2009,18+,59/100,1,0,0,0,0
1260,1261,Straight Up,2019,,59/100,1,0,0,0,0
1261,1262,Wazir,2016,13+,59/100,1,0,0,0,0
1262,1263,Vampires vs. the Bronx,2020,13+,59/100,1,0,0,0,0
1263,1264,Rocko's Modern Life: Static Cling,2019,7+,59/100,1,0,0,0,0
1264,1265,My Masterpiece,2018,,59/100,1,0,0,0,0
1265,1266,Raajneeti,2010,7+,59/100,1,0,0,0,0
1266,1267,Leslie Jones: Time Machine,2020,,59/100,1,0,0,0,0
1267,1268,Hum Aapke Hain Koun..!,1994,,59/100,1,0,0,0,0
1268,1269,Dragonheart: Vengeance,2020,13+,59/100,1,0,0,0,0
1269,1270,Anthony Jeselnik: Fire in the Maternity Ward,2019,18+,59/100,1,0,0,0,0
1270,1271,All Together Now,2020,7+,59/100,1,0,0,0,0
1271,1272,The Fluffy Movie,2014,13+,59/100,1,0,0,0,0
1272,1273,Population 436,2006,18+,59/100,1,0,0,0,0
1273,1274,Bullet Head,2017,18+,59/100,1,0,0,0,0
1274,1275,By the Sea,2015,18+,59/100,1,0,0,0,0
1275,1276,Raat Akeli Hai,2020,,59/100,1,0,0,0,0
1276,1277,The Darkness,2016,13+,59/100,1,0,0,0,0
1277,1278,Tom Segura: Completely Normal,2014,,59/100,1,0,1,0,0
1278,1279,The Present,2020,13+,59/100,1,0,0,0,0
1279,1280,Dream/Killer,2015,,59/100,1,0,0,0,0
1280,1281,Unknown Origins,2020,18+,59/100,1,0,0,0,0
1281,1282,The Sleepover,2020,,59/100,1,0,0,0,0
1282,1283,Qismat,2018,,59/100,1,0,0,0,0
1283,1284,Skins,2017,18+,59/100,1,0,0,0,0
1284,1285,K. D.,2019,,59/100,1,0,0,0,0
1285,1286,Trevor Noah: Afraid of the Dark,2017,,59/100,1,0,0,0,0
1286,1287,Haraamkhor,2015,,59/100,1,0,0,0,0
1287,1288,Dil Dhadakne Do,2015,13+,59/100,1,0,0,0,0
1288,1289,Revolt,2017,18+,59/100,1,0,0,0,0
1289,1290,Ronny Chieng: Asian Comedian Destroys America!,2019,18+,59/100,1,0,0,0,0
1290,1291,Gangaajal,2003,,59/100,1,0,0,0,0
1291,1292,Why Do Fools Fall In Love,1998,18+,59/100,1,0,0,0,0
1292,1293,Lovesong,2017,,59/100,1,0,0,0,0
1293,1294,365 Days,2020,18+,59/100,1,0,0,0,0
1294,1295,Unrest,2017,,59/100,1,0,0,0,0
1295,1296,Starship Troopers: Traitor of Mars,2017,18+,59/100,1,0,0,0,0
1296,1297,Shéhérazade,2018,18+,59/100,1,0,0,0,0
1297,1298,Mine 9,2019,,59/100,1,0,0,0,0
1298,1299,Jack Whitehall: At Large,2017,18+,59/100,1,0,0,0,0
1299,1300,Power of Grayskull: The Definitive History of He-Man and the Masters of the Universe,2017,,59/100,1,0,0,0,0
1300,1301,Mike Birbiglia: Thank God for Jokes,2017,,59/100,1,0,0,0,0
1301,1302,The Lost Husband,2020,13+,59/100,1,0,0,0,0
1302,1303,Blind Date,2015,,59/100,1,0,0,0,0
1303,1304,Namastey London,2007,7+,59/100,1,0,0,0,0
1304,1305,An Evening with Beverly Luff Linn,2018,18+,59/100,1,0,0,0,0
1305,1306,K-ON! The Movie,2011,16+,59/100,1,0,0,0,0
1306,1307,The Grizzlies,2019,18+,59/100,1,0,0,0,0
1307,1308,No Escape Room,2018,,59/100,1,0,0,0,0
1308,1309,Bayonet,2018,18+,59/100,1,0,0,0,0
1309,1310,Dabbe: Cin Çarpması,2013,,59/100,1,0,0,0,0
1310,1311,ReMastered: The Two Killings of Sam Cooke,2019,18+,59/100,1,0,0,0,0
1311,1312,Aśoka,2001,18+,59/100,1,0,0,0,0
1312,1313,Public Works,2015,,59/100,1,0,0,0,0
1313,1314,The Eichmann Show,2015,,59/100,1,0,0,0,0
1314,1315,Framing John DeLorean,2019,,59/100,1,1,0,0,0
1315,1316,The Guide to the Perfect Family,2021,,59/100,1,0,0,0,0
1316,1317,Search Party,2014,18+,59/100,1,0,0,0,0
1317,1318,Nate Bargatze: The Greatest Average American,2021,all,59/100,1,0,0,0,0
1318,1319,Pagglait,2021,16+,59/100,1,0,0,0,0
1319,1320,The Trailer Park Boys Xmas Special,2004,,59/100,1,0,0,0,0
1320,1321,Operation Varsity Blues: The College Admissions Scandal,2021,18+,59/100,1,0,0,0,0
1321,1322,Shaitan,2011,13+,59/100,1,0,0,0,0
1322,1323,Phir Hera Pheri,2006,,59/100,1,0,0,0,0
1323,1324,Children of the Sea,2019,,59/100,1,0,0,0,0
1324,1325,She's Dating the Gangster,2014,7+,59/100,1,0,0,0,0
1325,1326,Scary Movie 5,2013,13+,59/100,1,0,0,0,0
1326,1327,A Perfect Ending,2012,,59/100,1,1,0,0,0
1327,1328,Raising Victor Vargas,2002,18+,59/100,1,0,1,0,0
1328,1329,A Land Imagined,2019,,59/100,1,0,0,0,0
1329,1330,Pet Sematary II,1992,18+,59/100,1,0,0,0,0
1330,1331,Zapped,2014,all,59/100,1,1,1,1,0
1331,1332,The Art of Loving: Story of Michalina Wislocka,2017,,59/100,1,0,0,0,0
1332,1333,Michael Che Matters,2016,18+,59/100,1,0,0,0,0
1333,1334,The Most Assassinated Woman in the World,2018,18+,58/100,1,0,0,0,0
1334,1335,Inuyasha the Movie 3: Swords of an Honorable Ruler,2003,7+,58/100,1,0,0,0,0
1335,1336,Jim Jefferies: This Is Me Now,2018,18+,58/100,1,0,0,0,0
1336,1337,Iron Sky: The Coming Race,2019,18+,58/100,1,0,0,0,0
1337,1338,I Am Kalam,2010,all,58/100,1,0,1,0,0
1338,1339,Curtiz,2018,18+,58/100,1,0,0,0,0
1339,1340,First Kill,2017,18+,58/100,1,0,0,0,0
1340,1341,The World Is Yours,2018,18+,58/100,1,0,0,0,0
1341,1342,Rize,2005,13+,58/100,1,0,0,0,0
1342,1343,The Four Seasons,1981,7+,58/100,1,0,0,0,0
1343,1344,Cloudburst,2011,,58/100,1,0,1,0,0
1344,1345,Small Crimes,2017,18+,58/100,1,0,0,0,0
1345,1346,Offering to the Storm,2020,18+,58/100,1,0,0,0,0
1346,1347,Ali & Ratu Ratu Queens,2021,16+,58/100,1,0,0,0,0
1347,1348,Ultras,2020,,58/100,1,0,0,0,0
1348,1349,6 Years,2015,,58/100,1,0,0,0,0
1349,1350,Katherine Ryan: In Trouble,2017,18+,58/100,1,0,0,0,0
1350,1351,Burning Cane,2019,18+,58/100,1,0,0,0,0
1351,1352,Sarkar,2018,,58/100,1,0,0,0,0
1352,1353,Bleach the Movie: Fade to Black,2008,16+,58/100,1,0,0,0,0
1353,1354,Jailbreak,2017,18+,58/100,1,0,0,0,0
1354,1355,Jackass Presents: Bad Grandpa .5,2014,13+,58/100,1,0,0,0,0
1355,1356,The Crimes That Bind,2020,,58/100,1,0,0,0,0
1356,1357,Lu Over the Wall,2017,7+,58/100,1,0,0,0,0
1357,1358,Last Summer,2021,,58/100,1,0,0,0,0
1358,1359,Us and Them,2018,,58/100,1,0,0,0,0
1359,1360,Five Element Ninjas,1982,18+,58/100,1,0,0,0,0
1360,1361,The House of Flowers: The Movie,2021,18+,58/100,1,0,0,0,0
1361,1362,Trailer Park Boys: Say Goodnight to the Bad Guys,2008,,58/100,1,0,0,0,0
1362,1363,Red,2021,16+,58/100,1,0,0,0,0
1363,1364,Waist Deep,2006,18+,58/100,1,0,0,0,0
1364,1365,Barbra: The Music ... The Mem'ries ... The Magic!,2017,,58/100,1,0,0,0,0
1365,1366,Love Jacked,2018,13+,58/100,1,0,0,0,0
1366,1367,Strange But True,2019,13+,58/100,1,0,0,0,0
1367,1368,Keith Richards: Under the Influence,2015,7+,58/100,1,0,0,0,0
1368,1369,The Late Bloomer,2016,18+,58/100,1,0,0,0,0
1369,1370,Rock the Kasbah,2015,18+,58/100,1,0,0,0,0
1370,1371,Crazy About Her,2021,18+,58/100,1,0,0,0,0
1371,1372,All Good,2018,,58/100,1,0,0,0,0
1372,1373,Death Race: Beyond Anarchy,2018,18+,58/100,1,0,0,0,0
1373,1374,Inuyasha the Movie 2: The Castle Beyond the Looking Glass,2002,7+,58/100,1,0,0,0,0
1374,1375,We Summon the Darkness,2019,18+,58/100,1,0,0,0,0
1375,1376,Why Me?,2015,,58/100,1,0,0,0,0
1376,1377,Billu,2009,7+,58/100,1,0,0,0,0
1377,1378,Pokémon: Mewtwo Strikes Back - Evolution,2019,7+,58/100,1,0,0,0,0
1378,1379,Ride Like a Girl,2019,7+,58/100,1,0,0,0,0
1379,1380,The Saint,2017,13+,58/100,1,0,1,0,0
1380,1381,Atlas Shrugged: Part II,2012,13+,58/100,1,0,1,0,0
1381,1382,Coven,2020,18+,58/100,1,0,0,0,0
1382,1383,New Gods: Nezha Reborn,2021,13+,58/100,1,0,0,0,0
1383,1384,Why Did You Kill Me?,2021,18+,58/100,1,0,0,0,0
1384,1385,Pootie Tang,2001,13+,58/100,1,0,0,0,0
1385,1386,Mary Kom,2014,13+,58/100,1,0,0,0,0
1386,1387,Godzilla: City on the Edge of Battle,2018,13+,58/100,1,0,0,0,0
1387,1388,My Mother's Wound,2016,,58/100,1,0,0,0,0
1388,1389,Frank & Lola,2016,,58/100,1,0,0,0,0
1389,1390,End Game,2018,7+,58/100,1,0,0,0,0
1390,1391,Trolls Holiday,2017,7+,58/100,1,0,0,0,0
1391,1392,W. Kamau Bell: Private School Negro,2018,,58/100,1,0,0,0,0
1392,1393,The Keeping Hours,2017,13+,58/100,1,0,0,0,0
1393,1394,Hey Arnold! The Movie,2002,7+,58/100,1,0,0,0,0
1394,1395,Chillar Party,2011,all,58/100,1,0,0,0,0
1395,1396,Tanu Weds Manu,2011,13+,58/100,1,0,0,0,0
1396,1397,Ashin of the North,2021,18+,58/100,1,0,0,0,0
1397,1398,Manto,2018,,58/100,1,0,0,0,0
1398,1399,Singham,2011,,58/100,1,0,0,0,0
1399,1400,Whisky,2004,,58/100,1,0,0,0,0
1400,1401,Inuyasha the Movie: Affections Touching Across Time,2001,,58/100,1,0,0,0,0
1401,1402,Piercing,2018,18+,58/100,1,0,0,0,0
1402,1403,Ishqiya,2010,18+,58/100,1,0,0,0,0
1403,1404,Mission Control: The Unsung Heroes of Apollo,2017,7+,58/100,1,0,0,0,0
1404,1405,Effie Gray,2014,13+,58/100,1,0,0,0,0
1405,1406,The Man Without Gravity,2019,16+,58/100,1,0,0,0,0
1406,1407,Return to the 36th Chamber,1980,18+,58/100,1,0,0,0,0
1407,1408,Sun Dogs,2017,,58/100,1,0,0,0,0
1408,1409,Sweet & Sour,2021,,58/100,1,0,0,0,0
1409,1410,Truth or Dare,2017,16+,58/100,1,0,0,0,0
1410,1411,Mucho Mucho Amor: The Legend of Walter Mercado,2020,16+,58/100,1,0,0,0,0
1411,1412,Sky Tour: The Movie,2020,,58/100,1,0,0,0,0
1412,1413,The Decline,2020,18+,58/100,1,0,0,0,0
1413,1414,99 Songs,2021,,58/100,1,0,0,0,0
1414,1415,One Day,2016,,58/100,1,0,1,0,0
1415,1416,Rocky Handsome,2016,18+,58/100,1,0,0,0,0
1416,1417,Deon Cole: Cole Hearted,2019,,58/100,1,0,0,0,0
1417,1418,Ladies First,2017,all,58/100,1,0,0,0,0
"1418,1419,""Hello, Love, Goodbye"",2019,7+,58/100,1,0,0,0,0"
1419,1420,Khoobsurat,2014,7+,57/100,1,0,0,0,0
1420,1421,Mascots,2016,18+,57/100,1,0,0,0,0
1421,1422,Canvas,2020,all,57/100,1,0,0,0,0
1422,1423,Eric Andre: Legalize Everything,2020,18+,57/100,1,0,0,0,0
1423,1424,Kingdom of Us,2017,,57/100,1,0,0,0,0
1424,1425,Hitler: A Career,1977,7+,57/100,1,0,0,0,0
1425,1426,The Disciple,2020,,57/100,1,0,0,0,0
1426,1427,Jim Gaffigan: Cinco,2017,16+,57/100,1,0,0,0,0
1427,1428,Mobile Suit Gundam: Hathaway,2021,,57/100,1,0,0,0,0
1428,1429,Nas: Time Is Illmatic,2014,16+,57/100,1,0,0,0,0
1429,1430,Jeff Dunham: Controlled Chaos,2011,,57/100,1,0,1,0,0
1430,1431,Radium Girls,2020,,57/100,1,0,0,0,0
1431,1432,Pachamama,2018,7+,57/100,1,0,0,0,0
1432,1433,Do Dooni Chaar,2010,7+,57/100,1,0,0,0,0
"1433,1434,""I Love You, Stupid"",2020,18+,57/100,1,0,0,0,0"
1434,1435,Ari Eldjárn: Pardon My Icelandic,2020,18+,57/100,1,0,0,0,0
1435,1436,Inuyasha the Movie 4: Fire on the Mystic Island,2004,7+,57/100,1,0,0,0,0
1436,1437,Memories of a Teenager,2019,,57/100,1,0,0,0,0
1437,1438,Still Smokin,1983,18+,57/100,1,0,0,0,0
1438,1439,The Land,1970,,57/100,1,0,0,0,0
1439,1440,The Black Godfather,2019,18+,57/100,1,0,0,0,0
1440,1441,The Drug King,2018,,57/100,1,0,0,0,0
1441,1442,Black Holes: The Edge of All We Know,2020,,57/100,1,0,0,0,0
1442,1443,The Boy Who Cried Werewolf,2010,all,57/100,1,0,0,0,0
1443,1444,Killing Gunther,2017,18+,57/100,1,0,0,0,0
1444,1445,Betty White: First Lady of Television,2018,,57/100,1,0,0,0,0
1445,1446,Dilwale,2015,7+,57/100,1,0,0,0,0
1446,1447,Get the Goat,2021,13+,57/100,1,0,0,0,0
1447,1448,Bert Kreischer: Hey Big Boy,2020,,57/100,1,0,0,0,0
1448,1449,Mubarakan,2017,13+,57/100,1,0,0,0,0
1449,1450,The Lighthouse of the Orcas,2016,,57/100,1,0,0,0,0
1450,1451,Take Me,2017,18+,57/100,1,0,0,0,0
1451,1452,Sir! No Sir!,2005,,57/100,1,0,0,0,0
1452,1453,The Young Messiah,2016,13+,57/100,1,0,0,0,0
1453,1454,678,2010,,57/100,1,0,0,0,0
1454,1455,Mean Girls 2,2011,13+,57/100,1,0,0,0,0
1455,1456,Marc Maron: Thinky Pain,2013,,57/100,1,0,0,0,0
1456,1457,Dragons: Dawn Of The Dragon Racers,2014,,57/100,1,0,0,0,0
1457,1458,Point Blank,2019,18+,57/100,1,0,0,0,0
1458,1459,Aykut Enişte,2019,,57/100,1,0,0,0,0
1459,1460,Sentinelle,2021,,57/100,1,0,0,0,0
1460,1461,Superlópez,2018,,57/100,1,0,0,0,0
1461,1462,Fatima,2020,13+,57/100,1,0,0,0,0
1462,1463,Mobile Suit Gundam: Char's Counterattack,1988,,57/100,1,0,0,0,0
1463,1464,A Cinderella Story: Christmas Wish,2019,7+,57/100,1,0,0,0,0
1464,1465,Ready to Mingle,2019,18+,57/100,1,0,0,0,0
1465,1466,The Girl King,2015,,57/100,1,1,1,0,0
1466,1467,Battle,2018,18+,57/100,1,0,0,0,0
1467,1468,Girl on the Third Floor,2019,18+,57/100,1,0,0,0,0
1468,1469,Indian Horse,2018,13+,57/100,1,0,0,0,0
1469,1470,All My Friends Are Dead,2020,18+,57/100,1,0,0,0,0
1470,1471,Life in a Metro,2007,,57/100,1,0,0,0,0
1471,1472,The Warning,2018,18+,57/100,1,0,0,0,0
1472,1473,Kevin James: Sweat the Small Stuff,2001,7+,57/100,1,0,0,0,0
1473,1474,Joy,2018,18+,57/100,1,0,0,0,0
1474,1475,Bert Kreischer: The Machine,2016,18+,57/100,1,0,0,0,0
1475,1476,Print the Legend,2014,,57/100,1,0,0,0,0
1476,1477,LA Originals,2020,,57/100,1,0,0,0,0
1477,1478,Sour Apples,2016,7+,57/100,1,0,0,0,0
1478,1479,The Legend of Cocaine Island,2018,18+,57/100,1,0,0,0,0
1479,1480,Adú,2020,18+,57/100,1,0,0,0,0
1480,1481,Wedding Association,2013,13+,57/100,1,0,0,0,0
1481,1482,Bliss,1997,18+,57/100,1,0,1,0,0
1482,1483,Sudani from Nigeria,2018,,57/100,1,0,0,0,0
1483,1484,Step Sisters,2018,13+,57/100,1,0,0,0,0
1484,1485,Oye Lucky! Lucky Oye!,2008,13+,57/100,1,0,0,0,0
1485,1486,Mr. Pig,2016,,57/100,1,0,0,0,0
1486,1487,No One Killed Jessica,2011,13+,57/100,1,0,0,0,0
1487,1488,Naked,2017,16+,57/100,1,0,0,0,0
1488,1489,Animal Crackers,2020,7+,57/100,1,0,0,0,0
1489,1490,Forensic,2020,,57/100,1,0,0,0,0
1490,1491,Marc Maron: End Times Fun,2020,,57/100,1,0,0,0,0
1491,1492,Svaha: The Sixth Finger,2019,,57/100,1,0,0,0,0
1492,1493,American Pie Presents: Girls' Rules,2020,18+,57/100,1,0,0,0,0
1493,1494,Candy Jar,2018,13+,57/100,1,0,0,0,0
1494,1495,Harishchandrachi Factory,2009,all,57/100,1,0,0,0,0
1495,1496,Hunterrr,2015,18+,57/100,1,0,0,0,0
1496,1497,The Breaker Upperers,2018,,57/100,1,0,0,0,0
1497,1498,Snow Day,2000,7+,57/100,1,0,1,0,0
1498,1499,A California Christmas,2020,13+,57/100,1,0,0,0,0
